"Transaction ID","isExpected","orders_attributed"
"gs_15","Yes",97306
"gs_25","Yes",78354
"gs_38","Yes",77906
"gs_183","Yes",80558
"gs_186","Yes",80521
"gs_190","Yes",80456
"gs_191","Yes",80917
"gs_198","Yes",80771
"gs_199","Yes",80729
"gs_201","Yes",80014
"gs_229","Yes",80516
"gs_230","Yes",80997
"gs_231","Yes",82711
"gs_237","Yes",80766
"gs_250","Yes",82015
"gs_252","Yes",80430
"gs_253","Yes",80586
"gs_356","Yes",80517
"gs_369","Yes",82107
"gs_480","Yes",83092
"gs_484","Yes",82984
"gs_485","Yes",83061
"gs_488","Yes",82217
"gs_535","Yes",83097
"gs_537","Yes",83161
"gs_550","Yes",82609
"gs_582","Yes",83138
"gs_585","Yes",83536
"gs_586","Yes",83165
"gs_755","Yes",105575
"gs_756","Yes",84405
"gs_796","Yes",83153
"gs_798","Yes",83408
"gs_990","Yes",84900
"gs_998","Yes",116848
"gs_1000","Yes",85083
"gs_1001","Yes",84973
"gs_1026","Yes",93561
"gs_1040","Yes",119715
"gs_1041","Yes",83311
"gs_1119","Yes",84901
"gs_1121","Yes",84960
"gs_1128","Yes",85442
"gs_1139","Yes",88613
"gs_1166","Yes",82902
"gs_1167","Yes",89780
"gs_1169","Yes",84964
"gs_1170","Yes",84360
"gs_1173","Yes",84305
"gs_1174","Yes",84819
"gs_1191","Yes",83455
"gs_1198","Yes",86455
"gs_1375","Yes",83089
"gs_1382","Yes",86296
"gs_1385","Yes",95558
"gs_1387","Yes",86028
"gs_1416","Yes",84967
"gs_1501","Yes",86568
"gs_1515","Yes",85772
"gs_1521","Yes",87359
"gs_1525","Yes",86293
"gs_1526","Yes",86666
"gs_1529","Yes",85049
"gs_1550","Yes",85688
"gs_1556","Yes",85723
"gs_1588","Yes",85945
"gs_1597","Yes",85327
"gs_1667","Yes",85628
"gs_1669","Yes",100989
"gs_1714","Yes",87018
"gs_1723","Yes",88492
"gs_1727","Yes",89301
"gs_1865","Yes",87184
"gs_1875","Yes",88470
"gs_1880","Yes",88173
"gs_1988","Yes",89514
"gs_1991","Yes",89933
"gs_2015","Yes",88128
"gs_2040","Yes",91006
"gs_2051","Yes",119260
"gs_2061","Yes",90230
"gs_2065","Yes",89503
"gs_2172","Yes",89899
"gs_2181","Yes",91373
"gs_2315","Yes",89759
"gs_2320","Yes",89887
"gs_2326","Yes",89893
"gs_2327","Yes",89257
"gs_2424","Yes",92325
"gs_2425","Yes",92975
"gs_2428","Yes",91359
"gs_2431","Yes",91527
"gs_2477","Yes",90888
"gs_2490","Yes",91849
"gs_2494","Yes",90480
"gs_2500","Yes",90643
"gs_2501","Yes",90879
"gs_2509","Yes",89873
"gs_2512","Yes",90495
"gs_2515","Yes",90476
"gs_2576","Yes",89853
"gs_2592","Yes",90188
"gs_2751","Yes",93702
"gs_2753","Yes",92463
"gs_2842","Yes",111048
"gs_2960","Yes",93714
"gs_2965","Yes",93571
"gs_3115","Yes",95251
"gs_3166","Yes",92907
"gs_3277","Yes",94245
"gs_3280","Yes",94370
"gs_3301","Yes",98098
"gs_3331","Yes",93188
"gs_3368","Yes",82830
"gs_3376","Yes",93537
"gs_3400","Yes",93507
"gs_3425","Yes",93574
"gs_3431","Yes",82392
"gs_3468","Yes",95267
"gs_3470","Yes",95052
"gs_3475","Yes",94711
"gs_3501","Yes",95864
"gs_3503","Yes",97619
"gs_3634","Yes",95059
"gs_3635","Yes",95556
"gs_3643","Yes",94933
"gs_3659","Yes",95038
"gs_3696","Yes",95116
"gs_3698","Yes",94921
"gs_3703","Yes",95580
"gs_3711","Yes",95032
"gs_3732","Yes",95583
"gs_3739","Yes",96757
"gs_3741","Yes",94872
"gs_3742","Yes",95204
"gs_3744","Yes",94723
"gs_3746","Yes",95425
"gs_3748","Yes",95290
"gs_3749","Yes",95225
"gs_3751","Yes",95285
"gs_3752","Yes",94963
"gs_3753","Yes",95372
"gs_3785","Yes",96081
"gs_3787","Yes",96436
"gs_3788","Yes",95948
"gs_3792","Yes",96005
"gs_3902","Yes",96249
"gs_3905","Yes",93622
"gs_3920","Yes",95066
"gs_3946","Yes",95480
"gs_3959","Yes",93716
"gs_3977","Yes",96649
"gs_4024","Yes",94428
"gs_4196","Yes",97389
"gs_4198","Yes",94910
"gs_4237","Yes",96409
"gs_4256","Yes",96381
"gs_4257","Yes",96403
"gs_4337","Yes",101044
"gs_4390","Yes",97560
"gs_4417","Yes",97297
"gs_4438","Yes",97983
"gs_4447","Yes",97652
"gs_4448","Yes",97668
"gs_4456","Yes",96544
"gs_4539","Yes",99446
"gs_4594","Yes",97458
"gs_4595","Yes",100967
"gs_4611","Yes",99800
"gs_4612","Yes",99475
"gs_4626","Yes",100818
"gs_4657","Yes",100093
"gs_4662","Yes",97778
"gs_4699","Yes",98668
"gs_4737","Yes",98612
"gs_4754","Yes",107409
"gs_4776","Yes",101061
"gs_4782","Yes",101853
"gs_4788","Yes",101644
"gs_4789","Yes",101677
"gs_4795","Yes",101438
"gs_4801","Yes",101685
"gs_4962","Yes",100837
"gs_4967","Yes",102799
"gs_4972","Yes",108619
"gs_4976","Yes",102444
"gs_4978","Yes",106168
"gs_4983","Yes",101635
"gs_5031","Yes",103297
"gs_5060","Yes",108489
"gs_5091","Yes",100432
"gs_5125","Yes",101705
"gs_5130","Yes",100778
"gs_5961","Yes",106490
"gs_5964","Yes",103514
"gs_5965","Yes",101450
"gs_6158","Yes",100114
"gs_6176","Yes",112279
"gs_6179","Yes",105043
"gs_6443","Yes",102408
"gs_6533","Yes",101666
"gs_6664","Yes",102109
"gs_7619","Yes",104901
"gs_7623","Yes",105748
"gs_7641","Yes",101465
"gs_7658","Yes",102315
"gs_7699","Yes",102936
"gs_7709","Yes",104301
"gs_7710","Yes",102982
"gs_7711","Yes",101201
"gs_7713","Yes",102986
"gs_7724","Yes",101422
"gs_7726","Yes",101443
"gs_7859","Yes",100418
"gs_7868","Yes",105922
"gs_7896","Yes",101033
"gs_7942","Yes",106209
"gs_8029","Yes",106450
"gs_8127","Yes",100436
"gs_8131","Yes",106134
"gs_8135","Yes",107229
"gs_8136","Yes",106925
"gs_8138","Yes",105789
"gs_8139","Yes",105815
"gs_8141","Yes",105768
"gs_8150","Yes",101321
"gs_8152","Yes",102710
"gs_8153","Yes",104614
"gs_8154","Yes",102761
"gs_8155","Yes",99983
"gs_8167","Yes",104869
"gs_8173","Yes",105992
"gs_8174","Yes",106442
"gs_8178","Yes",104808
"gs_8179","Yes",104570
"gs_8180","Yes",104794
"gs_8181","Yes",84307
"gs_8182","Yes",104457
"gs_8183","Yes",104806
"gs_8184","Yes",104920
"gs_8185","Yes",104896
"gs_8189","Yes",104504
"gs_8190","Yes",104316
"gs_8191","Yes",106684
"gs_8192","Yes",104447
"gs_8197","Yes",104987
"gs_8198","Yes",104697
"gs_8199","Yes",104778
"gs_8200","Yes",98958
"gs_8201","Yes",104602
"gs_8202","Yes",104945
"gs_8203","Yes",102932
"gs_8204","Yes",104913
"gs_8205","Yes",103046
"gs_8206","Yes",104542
"gs_8207","Yes",105005
"gs_8208","Yes",104586
"gs_8210","Yes",104909
"gs_8213","Yes",104907
"gs_8214","Yes",104604
"gs_8215","Yes",104372
"gs_8216","Yes",104957
"gs_8217","Yes",104846
"gs_8218","Yes",104610
"gs_8219","Yes",104696
"gs_8220","Yes",104961
"gs_8221","Yes",104550
"gs_8222","Yes",104753
"gs_8223","Yes",104996
"gs_8224","Yes",104917
"gs_8225","Yes",104786
"gs_8226","Yes",104723
"gs_8229","Yes",104174
"gs_8230","Yes",98058
"gs_8231","Yes",104566
"gs_8232","Yes",104660
"gs_8233","Yes",104455
"gs_8234","Yes",98363
"gs_8235","Yes",104790
"gs_8236","Yes",104598
"gs_8237","Yes",104867
"gs_8238","Yes",104643
"gs_8243","Yes",103906
"gs_8244","Yes",105032
"gs_8245","Yes",104355
"gs_8246","Yes",104559
"gs_8247","Yes",104760
"gs_8248","Yes",104572
"gs_8249","Yes",104510
"gs_8250","Yes",104558
"gs_8251","Yes",104875
"gs_8252","Yes",104684
"gs_8253","Yes",104348
"gs_8409","Yes",105464
"gs_8427","Yes",106680
"gs_8495","Yes",105905
"gs_8496","Yes",105883
"gs_8528","Yes",105572
"gs_8542","Yes",105127
"gs_8544","Yes",105062
"gs_8545","Yes",105226
"gs_8546","Yes",105143
"gs_9148","Yes",106365
"gs_10608","Yes",108689
"gs_11047","Yes",108383
"gs_12120","Yes",107921
"gs_13362","Yes",109110
"gs_13365","Yes",106802
"gs_14009","Yes",109540
"gs_14015","Yes",109488
"gs_15871","Yes",108857
"gs_15910","Yes",107245
"gs_15979","Yes",109724
"gs_16114","Yes",109746
"gs_16834","Yes",101802
"gs_17551","Yes",108419
"gs_17552","Yes",108107
"gs_19388","Yes",107855
"gs_19389","Yes",108748
"gs_19391","Yes",107684
"gs_19392","Yes",107852
"gs_19393","Yes",108670
"gs_19394","Yes",108738
"gs_19395","Yes",107942
"gs_19397","Yes",108592
"gs_19399","Yes",108596
"gs_19400","Yes",108004
"gs_19401","Yes",107972
"gs_19402","Yes",107959
"gs_19414","Yes",108369
"gs_19415","Yes",108623
"gs_19416","Yes",108653
"gs_19418","Yes",108593
"gs_19419","Yes",108463
"gs_19420","Yes",108530
"gs_19421","Yes",108787
"gs_19424","Yes",108829
"gs_19425","Yes",108742
"gs_19426","Yes",108701
"gs_19427","Yes",108773
"gs_19428","Yes",108543
"gs_19429","Yes",108658
"gs_19430","Yes",108501
"gs_19431","Yes",108486
"gs_19432","Yes",108362
"gs_19433","Yes",108801
"gs_19434","Yes",108642
"gs_19436","Yes",108741
"gs_19437","Yes",108697
"gs_19438","Yes",108646
"gs_19440","Yes",108823
"gs_19441","Yes",108711
"gs_19442","Yes",108508
"gs_19462","Yes",108702
"gs_19676","Yes",109985
"gs_19702","Yes",110221
"gs_20555","Yes",109489
"gs_21644","Yes",110741
"gs_22144","Yes",110332
"gs_22279","Yes",110338
"gs_23067","Yes",110609
"gs_23611","Yes",111018
"gs_23751","Yes",111891
"gs_23755","Yes",111470
"gs_24372","Yes",111019
"gs_25471","Yes",112811
"gs_25472","Yes",111772
"gs_25473","Yes",111888
"gs_25496","Yes",112395
"gs_25604","Yes",110873
"gs_25638","Yes",110359
"gs_25954","Yes",111879
"gs_26103","Yes",112255
"gs_28026","Yes",114331
"gs_28030","Yes",110606
"gs_28852","Yes",112820
"gs_28871","Yes",112610
"gs_28932","Yes",112214
"gs_29062","Yes",115211
"gs_29063","Yes",111696
"gs_29138","Yes",111100
"gs_29139","Yes",111215
"gs_29222","Yes",112323
"gs_29234","Yes",112322
"gs_29269","Yes",112271
"gs_30283","Yes",114106
"gs_30375","Yes",114778
"gs_30434","Yes",110736
"gs_30438","Yes",110263
"gs_30457","Yes",111653
"gs_30488","Yes",111529
"gs_32232","Yes",117228
"gs_36517","Yes",115210
"gs_44859","Yes",116668
"gs_45501","Yes",114298
"gs_48345","Yes",114181
"gs_50444","Yes",106102
"gs_50445","Yes",112912
"gs_50475","Yes",112168
"gs_50561","Yes",110839
"gs_50716","Yes",114059
"gs_53470","Yes",114699
"gs_54411","Yes",115707
"gs_57292","Yes",112021
"gs_57764","Yes",113295
"gs_57974","Yes",115958
"gs_57975","Yes",115765
"gs_58124","Yes",115296
"gs_59464","Yes",115896
"gs_59583","Yes",115301
"gs_60930","Yes",116508
"gs_60951","Yes",115780
"gs_116278","Yes",115659
"gs_117748","Yes",116971
"gs_118628","Yes",115254
"gs_118769","Yes",115413
"gs_118867","Yes",116171
"gs_119838","Yes",116354
"gs_123114","Yes",117392
"gs_125170","Yes",118344
"gs_125302","Yes",114542
"gs_125500","Yes",116070
"gs_125574","Yes",114543
"gs_126145","Yes",116710
"gs_126793","Yes",117950
"gs_126916","Yes",111586
"gs_127159","Yes",116290
"gs_128068","Yes",117254
"gs_128224","Yes",117980
"gs_128225","Yes",113292
"gs_129438","Yes",114706
"gs_130755","Yes",117779
"gs_132996","Yes",117571
"gs_133351","Yes",117948
"gs_133362","Yes",117528
"gs_133388","Yes",117730
"gs_133453","Yes",122430
"gs_133470","Yes",121588
"gs_133471","Yes",119297
"gs_133485","Yes",118358
"gs_133486","Yes",114497
"gs_133488","Yes",118181
"gs_133489","Yes",118156
"gs_133490","Yes",118222
"gs_133545","Yes",118209
"gs_133547","Yes",119130
"gs_133548","Yes",119147
"gs_133549","Yes",118442
"gs_133550","Yes",119252
"gs_133552","Yes",118799
"gs_133554","Yes",118546
"gs_133556","Yes",121277
"gs_133712","Yes",118138
"gs_133730","Yes",118169
"gs_133731","Yes",114721
"gs_133732","Yes",122429
"gs_133871","Yes",119705
"gs_134141","Yes",120021
"gs_134142","Yes",119272
"gs_134143","Yes",119212
"gs_134146","Yes",118956
"gs_134147","Yes",119286
"gs_134150","Yes",119902
"gs_134152","Yes",119119
"gs_134285","Yes",119338
"gs_134314","Yes",117334
"gs_134315","Yes",117912
"gs_134316","Yes",117712
"gs_134455","Yes",119435
"gs_134456","Yes",118857
"gs_134945","Yes",117846
"gs_134999","Yes",121012
"gs_135430","Yes",120997
"gs_136674","Yes",120016
"gs_136675","Yes",120735
"gs_136695","Yes",120217
"gs_136726","Yes",118939
"gs_136727","Yes",119992
"gs_136773","Yes",119829
"gs_136774","Yes",119011
"gs_136775","Yes",118942
"gs_136776","Yes",119032
"gs_136779","Yes",118362
"gs_136781","Yes",118254
"gs_136783","Yes",119185
"gs_136784","Yes",119310
"gs_136790","Yes",118940
"gs_136793","Yes",119346
"gs_136830","Yes",118313
"gs_136838","Yes",111280
"gs_137187","Yes",121122
"gs_137215","Yes",118368
"gs_137328","Yes",120795
"gs_138105","Yes",120299
"gs_138655","Yes",115284
"gs_138656","Yes",119739
"gs_139323","Yes",119051
"gs_141497","Yes",118385
"gs_141499","Yes",119649
"gs_141500","Yes",120718
"gs_141501","Yes",120642
"gs_141502","Yes",120770
"gs_141701","Yes",121253
"gs_142900","Yes",118203
"gs_143599","Yes",119780
"gs_143600","Yes",119912
"gs_143601","Yes",120074
"gs_143602","Yes",120186
"gs_143603","Yes",120576
"gs_143604","Yes",119234
"gs_144334","Yes",121050
"gs_144335","Yes",119232
"gs_144937","Yes",117233
"gs_144955","Yes",119129
"gs_145828","Yes",113294
"gs_145829","Yes",119518
"gs_146512","Yes",121250
"gs_146576","Yes",118433
"gs_147926","Yes",118393
"gs_147927","Yes",118965
"gs_148593","Yes",119750
"gs_148594","Yes",120686
"gs_149266","Yes",119577
"gs_153968","Yes",118428
"gs_155597","Yes",119097
"gs_155672","Yes",119242
"gs_155982","Yes",122463
"gs_156047","Yes",122028
"gs_156202","Yes",119170
"gs_156312","Yes",119388
"gs_157187","Yes",121667
"gs_159649","Yes",119723
"gs_160868","Yes",122953
"gs_162154","Yes",119094
"gs_163735","Yes",122192
"gs_163800","Yes",122190
"gs_163914","Yes",119886
"gs_166364","Yes",119506
"gs_167615","Yes",120509
"gs_168684","Yes",122463
"gs_168685","Yes",122028
"gs_168689","Yes",122192
"gs_168707","Yes",121367
"gs_168723","Yes",119097
"gs_168751","Yes",119723
"gs_168752","Yes",122448
"gs_168778","Yes",122953
"gs_168907","Yes",117324
"gs_168910","Yes",117324
"gs_169023","Yes",119718
"gs_169026","Yes",119718
"gs_169650","Yes",119170
"gs_169664","Yes",119094
"gs_169665","Yes",119886
"gs_169666","Yes",119506
"gs_169669","Yes",120509
"gs_169760","Yes",119388
"gs_170080","Yes",119242
"gs_170164","Yes",121667
"gs_170179","Yes",119712
"gs_170181","Yes",119712
"gs_170331","Yes",97306
"gs_170336","Yes",122161
"gs_170374","Yes",122161
"gs_170376","Yes",121829
"gs_170379","Yes",122237
"gs_170380","Yes",121699
"gs_170382","Yes",122464
"gs_170409","Yes",122025
"gs_171111","Yes",119575
"gs_171783","Yes",119575
"gs_174311","Yes",100484
"gs_174365","Yes",100093
"gs_175137","Yes",100207
"gs_175138","Yes",100375
"gs_175139","Yes",100459
"gs_175140","Yes",100445
"gs_175141","Yes",100219
"gs_175142","Yes",107409
"gs_175150","Yes",100947
"gs_175154","Yes",101685
"gs_175155","Yes",101517
"gs_175158","Yes",102351
"gs_175160","Yes",101438
"gs_175161","Yes",102591
"gs_175164","Yes",102723
"gs_175166","Yes",101677
"gs_175167","Yes",101644
"gs_175169","Yes",101853
"gs_175170","Yes",102430
"gs_175177","Yes",102555
"gs_175179","Yes",101061
"gs_175180","Yes",101479
"gs_175181","Yes",101203
"gs_175182","Yes",100212
"gs_175183","Yes",100191
"gs_175184","Yes",100284
"gs_175186","Yes",100458
"gs_175187","Yes",100064
"gs_175188","Yes",100507
"gs_175189","Yes",100339
"gs_175190","Yes",100316
"gs_175191","Yes",100017
"gs_175192","Yes",100348
"gs_175193","Yes",100091
"gs_175194","Yes",100104
"gs_175195","Yes",100119
"gs_175196","Yes",100022
"gs_175197","Yes",100330
"gs_175198","Yes",100187
"gs_175199","Yes",100270
"gs_175200","Yes",100218
"gs_175201","Yes",100166
"gs_175202","Yes",100386
"gs_175203","Yes",100231
"gs_175204","Yes",100349
"gs_175205","Yes",100141
"gs_175206","Yes",100169
"gs_175208","Yes",100371
"gs_175210","Yes",101893
"gs_175211","Yes",101520
"gs_175213","Yes",100759
"gs_175214","Yes",101635
"gs_175215","Yes",101284
"gs_175216","Yes",101458
"gs_175217","Yes",101053
"gs_175219","Yes",102089
"gs_175220","Yes",106168
"gs_175221","Yes",102015
"gs_175222","Yes",102444
"gs_175223","Yes",102613
"gs_175226","Yes",108619
"gs_175232","Yes",102799
"gs_175234","Yes",101153
"gs_175235","Yes",101311
"gs_175236","Yes",100837
"gs_175238","Yes",101505
"gs_175260","Yes",100299
"gs_175261","Yes",100303
"gs_175263","Yes",100520
"gs_175264","Yes",100242
"gs_175267","Yes",100327
"gs_175268","Yes",100259
"gs_175270","Yes",100432
"gs_175281","Yes",102699
"gs_175283","Yes",101211
"gs_175284","Yes",100237
"gs_175286","Yes",100321
"gs_175288","Yes",101630
"gs_175290","Yes",101651
"gs_175292","Yes",102422
"gs_175293","Yes",101328
"gs_175294","Yes",102159
"gs_175295","Yes",101432
"gs_175296","Yes",101542
"gs_175297","Yes",102170
"gs_175299","Yes",102828
"gs_175300","Yes",100217
"gs_175301","Yes",100539
"gs_175302","Yes",100477
"gs_175303","Yes",100578
"gs_175304","Yes",100579
"gs_175305","Yes",100576
"gs_175306","Yes",100553
"gs_175308","Yes",102301
"gs_175309","Yes",100583
"gs_175310","Yes",101625
"gs_175311","Yes",101441
"gs_175312","Yes",101704
"gs_175314","Yes",100485
"gs_175316","Yes",99980
"gs_175317","Yes",100404
"gs_175318","Yes",102637
"gs_175319","Yes",102151
"gs_175320","Yes",99990
"gs_175321","Yes",101599
"gs_175322","Yes",102251
"gs_175323","Yes",100314
"gs_175324","Yes",100556
"gs_175325","Yes",102819
"gs_175326","Yes",101718
"gs_175327","Yes",101700
"gs_175328","Yes",101289
"gs_175329","Yes",102242
"gs_175330","Yes",102180
"gs_175332","Yes",102142
"gs_175333","Yes",102554
"gs_175334","Yes",102181
"gs_175335","Yes",102844
"gs_175336","Yes",102774
"gs_175337","Yes",102834
"gs_175338","Yes",102830
"gs_175339","Yes",101816
"gs_175340","Yes",102538
"gs_175341","Yes",101293
"gs_175343","Yes",102000
"gs_175344","Yes",102696
"gs_175345","Yes",101835
"gs_175346","Yes",102280
"gs_175354","Yes",100778
"gs_175355","Yes",102121
"gs_175356","Yes",101524
"gs_175359","Yes",101705
"gs_175362","Yes",100749
"gs_175535","Yes",122086
"gs_175546","Yes",122086
"gs_175658","Yes",114632
"gs_176340","Yes",114632
"gs_176744","Yes",100149
"gs_176844","Yes",100081
"gs_176848","Yes",100511
"gs_176919","Yes",100210
"gs_176920","Yes",100007
"gs_176921","Yes",100090
"gs_176922","Yes",100463
"gs_176923","Yes",100215
"gs_176924","Yes",100342
"gs_176925","Yes",100011
"gs_176926","Yes",100444
"gs_176927","Yes",100396
"gs_176928","Yes",100392
"gs_176929","Yes",100108
"gs_176930","Yes",100068
"gs_176931","Yes",100099
"gs_176932","Yes",100162
"gs_176933","Yes",100323
"gs_176934","Yes",100493
"gs_176935","Yes",100514
"gs_176936","Yes",100261
"gs_176937","Yes",100248
"gs_176938","Yes",100407
"gs_176939","Yes",100034
"gs_176940","Yes",100051
"gs_176941","Yes",100188
"gs_176942","Yes",100310
"gs_176944","Yes",100391
"gs_176957","Yes",100139
"gs_176958","Yes",100425
"gs_176959","Yes",100496
"gs_176960","Yes",100014
"gs_176961","Yes",100190
"gs_176962","Yes",100021
"gs_176963","Yes",100036
"gs_176964","Yes",100481
"gs_176965","Yes",100140
"gs_176966","Yes",100132
"gs_176967","Yes",100176
"gs_176968","Yes",99989
"gs_176969","Yes",100070
"gs_176970","Yes",100345
"gs_176971","Yes",100030
"gs_176972","Yes",100456
"gs_176973","Yes",100470
"gs_176974","Yes",100044
"gs_176975","Yes",100060
"gs_176976","Yes",100058
"gs_176977","Yes",99994
"gs_176978","Yes",100302
"gs_176979","Yes",100003
"gs_176980","Yes",100424
"gs_176981","Yes",99986
"gs_176982","Yes",100307
"gs_176983","Yes",99998
"gs_176984","Yes",100513
"gs_176985","Yes",100062
"gs_176986","Yes",100528
"gs_176987","Yes",100275
"gs_176988","Yes",100042
"gs_176989","Yes",100024
"gs_176990","Yes",100256
"gs_176991","Yes",100480
"gs_176992","Yes",100020
"gs_176993","Yes",100178
"gs_176994","Yes",100469
"gs_176995","Yes",100063
"gs_176996","Yes",100286
"gs_176997","Yes",100351
"gs_176998","Yes",100352
"gs_176999","Yes",100479
"gs_177000","Yes",100471
"gs_177001","Yes",100440
"gs_177002","Yes",100074
"gs_177004","Yes",100449
"gs_177017","Yes",100010
"gs_177018","Yes",100005
"gs_177019","Yes",100052
"gs_177020","Yes",100452
"gs_177021","Yes",100319
"gs_177022","Yes",100287
"gs_177023","Yes",100133
"gs_177024","Yes",100355
"gs_177025","Yes",100035
"gs_177026","Yes",100387
"gs_177027","Yes",100098
"gs_177028","Yes",100360
"gs_177029","Yes",99996
"gs_177030","Yes",100167
"gs_177031","Yes",100059
"gs_177032","Yes",100478
"gs_177033","Yes",100370
"gs_177034","Yes",100510
"gs_177035","Yes",100293
"gs_177036","Yes",100442
"gs_177037","Yes",100115
"gs_177038","Yes",100120
"gs_177039","Yes",103512
"gs_177041","Yes",100128
"gs_177043","Yes",100211
"gs_177044","Yes",100483
"gs_177045","Yes",100144
"gs_177046","Yes",100147
"gs_177047","Yes",100282
"gs_177048","Yes",100206
"gs_177049","Yes",100153
"gs_177050","Yes",100508
"gs_177051","Yes",100164
"gs_177052","Yes",100208
"gs_177053","Yes",100239
"gs_177054","Yes",100177
"gs_177055","Yes",100328
"gs_177056","Yes",100329
"gs_177057","Yes",100236
"gs_177058","Yes",100006
"gs_177059","Yes",100118
"gs_177060","Yes",100252
"gs_177061","Yes",100183
"gs_177062","Yes",100199
"gs_177063","Yes",100002
"gs_177064","Yes",100195
"gs_177065","Yes",100340
"gs_177066","Yes",100257
"gs_177067","Yes",100170
"gs_177069","Yes",100246
"gs_177099","Yes",100244
"gs_177100","Yes",100146
"gs_177101","Yes",100260
"gs_177102","Yes",100203
"gs_177103","Yes",100450
"gs_177104","Yes",100228
"gs_177105","Yes",100400
"gs_177106","Yes",100365
"gs_177107","Yes",100193
"gs_177108","Yes",100213
"gs_177109","Yes",100112
"gs_177110","Yes",100089
"gs_177111","Yes",100521
"gs_177112","Yes",100202
"gs_177113","Yes",100273
"gs_177114","Yes",100150
"gs_177115","Yes",100346
"gs_177116","Yes",100179
"gs_177117","Yes",100057
"gs_177118","Yes",100157
"gs_177119","Yes",100255
"gs_177120","Yes",100247
"gs_177121","Yes",100184
"gs_177122","Yes",100333
"gs_177123","Yes",100185
"gs_177124","Yes",100226
"gs_177125","Yes",100136
"gs_177126","Yes",100262
"gs_177127","Yes",100066
"gs_177128","Yes",100265
"gs_177129","Yes",100223
"gs_177130","Yes",100122
"gs_177131","Yes",100102
"gs_177132","Yes",100249
"gs_177133","Yes",100322
"gs_177134","Yes",100373
"gs_177135","Yes",100300
"gs_177136","Yes",100196
"gs_177137","Yes",100357
"gs_177138","Yes",100395
"gs_177139","Yes",100033
"gs_177140","Yes",100384
"gs_177141","Yes",100227
"gs_177142","Yes",100356
"gs_177143","Yes",100353
"gs_177144","Yes",100038
"gs_177145","Yes",100171
"gs_177146","Yes",100232
"gs_177147","Yes",100027
"gs_177148","Yes",100000
"gs_177149","Yes",100197
"gs_177150","Yes",100336
"gs_177151","Yes",100385
"gs_177152","Yes",100106
"gs_177153","Yes",100264
"gs_177154","Yes",100130
"gs_177156","Yes",100087
"gs_177186","Yes",100376
"gs_177187","Yes",100430
"gs_177188","Yes",100053
"gs_177189","Yes",100173
"gs_177190","Yes",100267
"gs_177191","Yes",100235
"gs_177192","Yes",100274
"gs_177193","Yes",100100
"gs_177194","Yes",100165
"gs_177195","Yes",100295
"gs_177196","Yes",100045
"gs_177197","Yes",100313
"gs_177198","Yes",100406
"gs_177199","Yes",100192
"gs_177200","Yes",100148
"gs_177201","Yes",100428
"gs_177202","Yes",100505
"gs_177203","Yes",100491
"gs_177204","Yes",100043
"gs_177205","Yes",100285
"gs_177206","Yes",100495
"gs_177207","Yes",100379
"gs_177208","Yes",100086
"gs_177209","Yes",100503
"gs_177210","Yes",100154
"gs_177211","Yes",100367
"gs_177213","Yes",100443
"gs_177214","Yes",100107
"gs_177215","Yes",100023
"gs_177216","Yes",100315
"gs_177217","Yes",100318
"gs_177218","Yes",100039
"gs_177219","Yes",100018
"gs_177220","Yes",100110
"gs_177221","Yes",100420
"gs_177222","Yes",100031
"gs_177223","Yes",100065
"gs_177224","Yes",100029
"gs_177225","Yes",100056
"gs_177226","Yes",100161
"gs_177227","Yes",100026
"gs_177228","Yes",100412
"gs_177229","Yes",100398
"gs_177230","Yes",100123
"gs_177231","Yes",100403
"gs_177232","Yes",100049
"gs_177233","Yes",100103
"gs_177234","Yes",100421
"gs_177235","Yes",100466
"gs_177236","Yes",100472
"gs_177237","Yes",100502
"gs_177238","Yes",100326
"gs_177239","Yes",100075
"gs_177241","Yes",100004
"gs_177243","Yes",100008
"gs_177244","Yes",100046
"gs_177245","Yes",100072
"gs_177246","Yes",100189
"gs_177247","Yes",100489
"gs_177248","Yes",100175
"gs_177249","Yes",99999
"gs_177250","Yes",100243
"gs_177251","Yes",100055
"gs_177252","Yes",100281
"gs_177253","Yes",100121
"gs_177254","Yes",100113
"gs_177255","Yes",100462
"gs_177257","Yes",100181
"gs_177258","Yes",100048
"gs_177259","Yes",100198
"gs_177260","Yes",100209
"gs_177261","Yes",100156
"gs_177267","Yes",101258
"gs_177341","Yes",100933
"gs_177342","Yes",100918
"gs_177343","Yes",100797
"gs_177344","Yes",100817
"gs_177345","Yes",100838
"gs_177346","Yes",100855
"gs_177347","Yes",100899
"gs_177348","Yes",100688
"gs_177349","Yes",100777
"gs_177350","Yes",100833
"gs_177351","Yes",100944
"gs_177352","Yes",100911
"gs_177353","Yes",100754
"gs_177354","Yes",100903
"gs_177355","Yes",100298
"gs_177356","Yes",100674
"gs_177357","Yes",100772
"gs_177358","Yes",100910
"gs_177359","Yes",101020
"gs_177360","Yes",100975
"gs_177361","Yes",100636
"gs_177362","Yes",100835
"gs_177363","Yes",100824
"gs_177364","Yes",100868
"gs_177365","Yes",100914
"gs_177366","Yes",100908
"gs_177367","Yes",100619
"gs_177368","Yes",100856
"gs_177369","Yes",100942
"gs_177370","Yes",100875
"gs_177371","Yes",101008
"gs_177372","Yes",100864
"gs_177373","Yes",100980
"gs_177374","Yes",100693
"gs_177375","Yes",100343
"gs_177376","Yes",100884
"gs_177377","Yes",100639
"gs_177378","Yes",100696
"gs_177379","Yes",100769
"gs_177380","Yes",100829
"gs_177381","Yes",101627
"gs_177382","Yes",100997
"gs_177383","Yes",100594
"gs_177384","Yes",100888
"gs_177385","Yes",100743
"gs_177386","Yes",100862
"gs_177387","Yes",100650
"gs_177388","Yes",100840
"gs_177389","Yes",100969
"gs_177390","Yes",100968
"gs_177391","Yes",100767
"gs_177392","Yes",100600
"gs_177393","Yes",100810
"gs_177395","Yes",100865
"gs_177396","Yes",100949
"gs_177397","Yes",100981
"gs_177398","Yes",100750
"gs_177399","Yes",101007
"gs_177400","Yes",100990
"gs_177401","Yes",100867
"gs_177404","Yes",101450
"gs_177405","Yes",103514
"gs_177406","Yes",102703
"gs_177407","Yes",102034
"gs_177408","Yes",106490
"gs_177579","Yes",120765
"gs_177593","Yes",120765
"gs_177599","Yes",100461
"gs_177600","Yes",100172
"gs_177601","Yes",100519
"gs_179539","Yes",102273
"gs_179641","Yes",102792
"gs_179643","Yes",101614
"gs_179716","Yes",101384
"gs_179717","Yes",101590
"gs_179718","Yes",102602
"gs_179719","Yes",101760
"gs_179720","Yes",101388
"gs_179721","Yes",102586
"gs_179722","Yes",101350
"gs_179723","Yes",101763
"gs_179724","Yes",102290
"gs_179725","Yes",102684
"gs_179726","Yes",102827
"gs_179727","Yes",101586
"gs_179728","Yes",102533
"gs_179729","Yes",101437
"gs_179730","Yes",101902
"gs_179731","Yes",102261
"gs_179732","Yes",102302
"gs_179733","Yes",101734
"gs_179734","Yes",102508
"gs_179735","Yes",102469
"gs_179736","Yes",101766
"gs_179737","Yes",102287
"gs_179738","Yes",101823
"gs_179739","Yes",102531
"gs_179740","Yes",102842
"gs_179742","Yes",102479
"gs_179755","Yes",101744
"gs_179756","Yes",102976
"gs_179757","Yes",101749
"gs_179758","Yes",101647
"gs_179759","Yes",102235
"gs_179760","Yes",102337
"gs_179761","Yes",102289
"gs_179762","Yes",102629
"gs_179763","Yes",101787
"gs_179764","Yes",101757
"gs_179765","Yes",101856
"gs_179766","Yes",101490
"gs_179767","Yes",101938
"gs_179768","Yes",102269
"gs_179769","Yes",101603
"gs_179770","Yes",102256
"gs_179771","Yes",102490
"gs_179772","Yes",102336
"gs_179773","Yes",101613
"gs_179774","Yes",101470
"gs_179775","Yes",101859
"gs_179776","Yes",102113
"gs_179777","Yes",101602
"gs_179778","Yes",102234
"gs_179779","Yes",101822
"gs_179780","Yes",101724
"gs_179781","Yes",102576
"gs_179782","Yes",101600
"gs_179783","Yes",101826
"gs_179784","Yes",102459
"gs_179785","Yes",102207
"gs_179786","Yes",102303
"gs_179787","Yes",101877
"gs_179788","Yes",101896
"gs_179789","Yes",101636
"gs_179790","Yes",102244
"gs_179791","Yes",101869
"gs_179792","Yes",101798
"gs_179793","Yes",102248
"gs_179795","Yes",101581
"gs_179808","Yes",101341
"gs_179809","Yes",102260
"gs_179810","Yes",102514
"gs_179811","Yes",102195
"gs_179812","Yes",101583
"gs_179813","Yes",101567
"gs_179814","Yes",102489
"gs_179815","Yes",102268
"gs_179816","Yes",101892
"gs_179817","Yes",102616
"gs_179818","Yes",102631
"gs_179819","Yes",101596
"gs_179820","Yes",101983
"gs_179821","Yes",101829
"gs_179822","Yes",101117
"gs_179823","Yes",101456
"gs_179824","Yes",102476
"gs_179825","Yes",101646
"gs_179826","Yes",102240
"gs_179827","Yes",101758
"gs_179828","Yes",101777
"gs_179830","Yes",101601
"gs_179831","Yes",102214
"gs_179834","Yes",105043
"gs_179836","Yes",100893
"gs_179837","Yes",112279
"gs_179838","Yes",101496
"gs_179839","Yes",101247
"gs_179840","Yes",102078
"gs_179841","Yes",101591
"gs_179842","Yes",101573
"gs_179843","Yes",101424
"gs_179844","Yes",101473
"gs_179845","Yes",101223
"gs_179846","Yes",102003
"gs_179847","Yes",102644
"gs_179848","Yes",102690
"gs_179849","Yes",102175
"gs_179851","Yes",102496
"gs_179881","Yes",102649
"gs_179882","Yes",102071
"gs_179883","Yes",101225
"gs_179884","Yes",101221
"gs_179885","Yes",102726
"gs_179886","Yes",101572
"gs_179887","Yes",101519
"gs_179888","Yes",102582
"gs_179889","Yes",101978
"gs_179890","Yes",101958
"gs_179891","Yes",101048
"gs_179893","Yes",102773
"gs_179894","Yes",102777
"gs_179895","Yes",101066
"gs_179896","Yes",101425
"gs_179897","Yes",101538
"gs_179898","Yes",102758
"gs_179899","Yes",102763
"gs_179900","Yes",102765
"gs_179901","Yes",101504
"gs_179902","Yes",101319
"gs_179903","Yes",101633
"gs_179904","Yes",101894
"gs_179905","Yes",101474
"gs_179906","Yes",101832
"gs_179907","Yes",102239
"gs_179908","Yes",102038
"gs_179909","Yes",102053
"gs_179910","Yes",101522
"gs_179911","Yes",101030
"gs_179912","Yes",102100
"gs_179913","Yes",102719
"gs_179914","Yes",102077
"gs_179915","Yes",101454
"gs_179916","Yes",101369
"gs_179917","Yes",101534
"gs_179918","Yes",102739
"gs_179919","Yes",102786
"gs_179920","Yes",102596
"gs_179921","Yes",102169
"gs_179922","Yes",101939
"gs_179923","Yes",101354
"gs_179924","Yes",101528
"gs_179925","Yes",101548
"gs_179926","Yes",102101
"gs_179928","Yes",102625
"gs_179958","Yes",101852
"gs_179959","Yes",101366
"gs_179960","Yes",102069
"gs_179961","Yes",101358
"gs_179962","Yes",101502
"gs_179963","Yes",102825
"gs_179964","Yes",101976
"gs_179965","Yes",101406
"gs_179966","Yes",101360
"gs_179967","Yes",102809
"gs_179968","Yes",101956
"gs_179969","Yes",102519
"gs_179970","Yes",102942
"gs_179971","Yes",101307
"gs_179972","Yes",102815
"gs_179973","Yes",101244
"gs_179974","Yes",102849
"gs_179975","Yes",101809
"gs_179976","Yes",102085
"gs_179977","Yes",101511
"gs_179978","Yes",101349
"gs_179979","Yes",102847
"gs_179980","Yes",102839
"gs_179981","Yes",102811
"gs_179982","Yes",101365
"gs_179983","Yes",101544
"gs_179984","Yes",101353
"gs_179985","Yes",102608
"gs_179986","Yes",101748
"gs_179987","Yes",102491
"gs_179988","Yes",102579
"gs_179989","Yes",102854
"gs_179990","Yes",102137
"gs_179991","Yes",102501
"gs_179992","Yes",101643
"gs_179993","Yes",102771
"gs_179994","Yes",102477
"gs_179995","Yes",101841
"gs_179996","Yes",102271
"gs_179997","Yes",102224
"gs_179998","Yes",102333
"gs_179999","Yes",102002
"gs_180000","Yes",102410
"gs_180001","Yes",102375
"gs_180002","Yes",101585
"gs_180003","Yes",101710
"gs_180004","Yes",102568
"gs_180005","Yes",101927
"gs_180006","Yes",101759
"gs_180007","Yes",102020
"gs_180008","Yes",102324
"gs_180009","Yes",101728
"gs_180010","Yes",101721
"gs_180011","Yes",101695
"gs_180012","Yes",102405
"gs_180013","Yes",101754
"gs_180014","Yes",101731
"gs_180016","Yes",102442
"gs_180017","Yes",101283
"gs_180018","Yes",102425
"gs_180019","Yes",101499
"gs_180020","Yes",101367
"gs_180021","Yes",101687
"gs_180022","Yes",102355
"gs_180023","Yes",101860
"gs_180024","Yes",102376
"gs_180025","Yes",102385
"gs_180026","Yes",102604
"gs_180027","Yes",102353
"gs_180028","Yes",102400
"gs_180029","Yes",101720
"gs_180030","Yes",102004
"gs_180031","Yes",102118
"gs_180032","Yes",102408
"gs_180033","Yes",102300
"gs_180034","Yes",101686
"gs_180035","Yes",101370
"gs_180036","Yes",102363
"gs_180037","Yes",101679
"gs_180038","Yes",101709
"gs_180039","Yes",101351
"gs_180040","Yes",101949
"gs_180041","Yes",101385
"gs_180042","Yes",101559
"gs_180043","Yes",101693
"gs_180044","Yes",102367
"gs_180045","Yes",102039
"gs_180046","Yes",101733
"gs_180047","Yes",101415
"gs_180048","Yes",102317
"gs_180049","Yes",102187
"gs_180050","Yes",102320
"gs_180051","Yes",102007
"gs_180052","Yes",102406
"gs_180053","Yes",101681
"gs_180054","Yes",101330
"gs_180055","Yes",101348
"gs_180056","Yes",102418
"gs_180057","Yes",102201
"gs_180058","Yes",101674
"gs_180059","Yes",102352
"gs_180060","Yes",102823
"gs_180061","Yes",102033
"gs_180062","Yes",101723
"gs_180063","Yes",101690
"gs_180065","Yes",102415
"gs_180066","Yes",102001
"gs_180067","Yes",102547
"gs_180068","Yes",102433
"gs_180069","Yes",101359
"gs_180070","Yes",101305
"gs_180071","Yes",101557
"gs_180072","Yes",101476
"gs_180073","Yes",102480
"gs_180074","Yes",101545
"gs_180075","Yes",102117
"gs_180076","Yes",102764
"gs_180077","Yes",101375
"gs_180078","Yes",101587
"gs_180079","Yes",102619
"gs_180080","Yes",101609
"gs_180081","Yes",101948
"gs_180082","Yes",101689
"gs_180083","Yes",102709
"gs_180084","Yes",102054
"gs_180085","Yes",101551
"gs_180086","Yes",102092
"gs_180087","Yes",102147
"gs_180088","Yes",101371
"gs_180089","Yes",101241
"gs_180090","Yes",102158
"gs_180091","Yes",101947
"gs_180092","Yes",101451
"gs_180093","Yes",101467
"gs_180094","Yes",102662
"gs_180095","Yes",101045
"gs_180096","Yes",102738
"gs_180097","Yes",102130
"gs_180098","Yes",102523
"gs_180100","Yes",102041
"gs_180101","Yes",101204
"gs_180102","Yes",101226
"gs_180103","Yes",101217
"gs_180104","Yes",101940
"gs_180105","Yes",101887
"gs_180106","Yes",102664
"gs_180107","Yes",101343
"gs_180108","Yes",102079
"gs_180109","Yes",101314
"gs_180110","Yes",101459
"gs_180111","Yes",101477
"gs_180112","Yes",101612
"gs_180113","Yes",102312
"gs_180114","Yes",102691
"gs_180115","Yes",101480
"gs_180116","Yes",102164
"gs_180117","Yes",101900
"gs_180118","Yes",102140
"gs_180119","Yes",102191
"gs_180120","Yes",102229
"gs_180121","Yes",101400
"gs_180122","Yes",102349
"gs_180123","Yes",101775
"gs_180124","Yes",102327
"gs_180125","Yes",101755
"gs_180126","Yes",101680
"gs_180127","Yes",102010
"gs_180128","Yes",101402
"gs_180129","Yes",102329
"gs_180130","Yes",101233
"gs_180131","Yes",101592
"gs_180132","Yes",101387
"gs_180133","Yes",102730
"gs_180134","Yes",101672
"gs_180135","Yes",102584
"gs_180136","Yes",101576
"gs_180137","Yes",102326
"gs_180138","Yes",102397
"gs_180139","Yes",102701
"gs_180140","Yes",101694
"gs_180141","Yes",102049
"gs_180142","Yes",102414
"gs_180143","Yes",101666
"gs_180144","Yes",101701
"gs_180145","Yes",101692
"gs_180146","Yes",101699
"gs_180147","Yes",101461
"gs_180148","Yes",102427
"gs_180149","Yes",101717
"gs_180150","Yes",102046
"gs_180151","Yes",101565
"gs_180152","Yes",102115
"gs_180153","Yes",102124
"gs_180154","Yes",101750
"gs_180155","Yes",102403
"gs_180156","Yes",102370
"gs_180157","Yes",101698
"gs_180158","Yes",102127
"gs_180159","Yes",101654
"gs_180160","Yes",102384
"gs_180161","Yes",101714
"gs_180162","Yes",102055
"gs_180163","Yes",101774
"gs_180164","Yes",101670
"gs_180165","Yes",101659
"gs_180166","Yes",102294
"gs_180167","Yes",102485
"gs_180168","Yes",101379
"gs_180169","Yes",102021
"gs_180170","Yes",102539
"gs_180171","Yes",102189
"gs_180172","Yes",101923
"gs_180173","Yes",102694
"gs_180174","Yes",102458
"gs_180175","Yes",101563
"gs_180176","Yes",100993
"gs_180177","Yes",101732
"gs_180178","Yes",102369
"gs_180179","Yes",102316
"gs_180180","Yes",102379
"gs_180181","Yes",101639
"gs_180182","Yes",102488
"gs_180183","Yes",102293
"gs_180184","Yes",101381
"gs_180185","Yes",101711
"gs_180186","Yes",102727
"gs_180187","Yes",102344
"gs_180188","Yes",102308
"gs_180189","Yes",102495
"gs_180190","Yes",102362
"gs_180191","Yes",101713
"gs_180192","Yes",101420
"gs_180193","Yes",101673
"gs_180194","Yes",101997
"gs_180195","Yes",101716
"gs_180196","Yes",102325
"gs_180197","Yes",102368
"gs_180198","Yes",101317
"gs_180199","Yes",102441
"gs_180200","Yes",102657
"gs_180201","Yes",101768
"gs_180202","Yes",101331
"gs_180203","Yes",102749
"gs_180204","Yes",102027
"gs_180205","Yes",102184
"gs_180206","Yes",101460
"gs_180207","Yes",101541
"gs_180208","Yes",101269
"gs_180209","Yes",101959
"gs_180210","Yes",101447
"gs_180211","Yes",102677
"gs_180212","Yes",102061
"gs_180213","Yes",102109
"gs_180214","Yes",101167
"gs_180215","Yes",101214
"gs_180216","Yes",101433
"gs_180217","Yes",101376
"gs_180218","Yes",101329
"gs_180219","Yes",101485
"gs_180220","Yes",102116
"gs_180221","Yes",102162
"gs_180222","Yes",102125
"gs_180223","Yes",102141
"gs_180224","Yes",102129
"gs_180225","Yes",101386
"gs_180226","Yes",102750
"gs_180227","Yes",102281
"gs_180228","Yes",101776
"gs_180229","Yes",101403
"gs_180230","Yes",101494
"gs_180231","Yes",101364
"gs_180232","Yes",101489
"gs_180233","Yes",101582
"gs_180234","Yes",102681
"gs_180235","Yes",101239
"gs_180236","Yes",102105
"gs_180237","Yes",102732
"gs_180238","Yes",101439
"gs_180239","Yes",102698
"gs_180240","Yes",101915
"gs_180241","Yes",101412
"gs_180242","Yes",101525
"gs_180243","Yes",100879
"gs_180244","Yes",102123
"gs_180245","Yes",102059
"gs_180246","Yes",101471
"gs_180247","Yes",101880
"gs_180248","Yes",102070
"gs_180250","Yes",102017
"gs_180251","Yes",101584
"gs_180253","Yes",102008
"gs_180254","Yes",102650
"gs_180255","Yes",102295
"gs_180256","Yes",102563
"gs_180257","Yes",101530
"gs_180258","Yes",101506
"gs_180259","Yes",101324
"gs_180260","Yes",101526
"gs_180261","Yes",101575
"gs_180262","Yes",102680
"gs_180263","Yes",101510
"gs_180264","Yes",101703
"gs_180265","Yes",102062
"gs_180266","Yes",101392
"gs_180267","Yes",101198
"gs_180268","Yes",101879
"gs_180269","Yes",101928
"gs_180270","Yes",101380
"gs_180271","Yes",101589
"gs_180272","Yes",101574
"gs_180273","Yes",102011
"gs_180274","Yes",101539
"gs_180275","Yes",102073
"gs_180276","Yes",101382
"gs_180277","Yes",101394
"gs_180278","Yes",101430
"gs_180279","Yes",102221
"gs_180280","Yes",101488
"gs_180282","Yes",101513
"gs_180283","Yes",101029
"gs_180284","Yes",102667
"gs_180285","Yes",102104
"gs_180286","Yes",102737
"gs_180287","Yes",101918
"gs_180288","Yes",102176
"gs_180289","Yes",101529
"gs_180290","Yes",102717
"gs_180291","Yes",102311
"gs_180292","Yes",101410
"gs_180294","Yes",101327
"gs_180295","Yes",101215
"gs_180296","Yes",101177
"gs_180297","Yes",102695
"gs_180298","Yes",102670
"gs_180299","Yes",102721
"gs_180300","Yes",102776
"gs_180301","Yes",102449
"gs_180302","Yes",102279
"gs_180303","Yes",102407
"gs_180304","Yes",102621
"gs_180305","Yes",102517
"gs_180306","Yes",101771
"gs_180307","Yes",101637
"gs_180308","Yes",101788
"gs_180309","Yes",102611
"gs_180310","Yes",101792
"gs_180311","Yes",101844
"gs_180312","Yes",101790
"gs_180313","Yes",101248
"gs_180314","Yes",101484
"gs_180315","Yes",102275
"gs_180316","Yes",101469
"gs_180317","Yes",102282
"gs_180318","Yes",102840
"gs_180319","Yes",101641
"gs_180320","Yes",102512
"gs_180321","Yes",101197
"gs_180322","Yes",101418
"gs_180323","Yes",101342
"gs_180324","Yes",101012
"gs_180325","Yes",101935
"gs_180326","Yes",101035
"gs_180327","Yes",102595
"gs_180328","Yes",101975
"gs_180329","Yes",101453
"gs_180330","Yes",101180
"gs_180331","Yes",102274
"gs_180332","Yes",102843
"gs_180333","Yes",101372
"gs_180334","Yes",102814
"gs_180335","Yes",101407
"gs_180336","Yes",101597
"gs_180337","Yes",102821
"gs_180338","Yes",101056
"gs_180339","Yes",102807
"gs_180340","Yes",101605
"gs_180341","Yes",101337
"gs_180342","Yes",102785
"gs_180343","Yes",102577
"gs_180344","Yes",102835
"gs_180345","Yes",102848
"gs_180346","Yes",102945
"gs_180347","Yes",102950
"gs_180348","Yes",101515
"gs_180349","Yes",102653
"gs_180350","Yes",101886
"gs_180351","Yes",101632
"gs_180352","Yes",102946
"gs_180353","Yes",101264
"gs_180354","Yes",102183
"gs_180355","Yes",102102
"gs_180356","Yes",102714
"gs_180357","Yes",102016
"gs_180358","Yes",101883
"gs_180359","Yes",101263
"gs_180360","Yes",101531
"gs_180361","Yes",102666
"gs_180362","Yes",102826
"gs_180363","Yes",102063
"gs_180364","Yes",101250
"gs_180365","Yes",102172
"gs_180366","Yes",101230
"gs_180367","Yes",101345
"gs_180368","Yes",102724
"gs_180369","Yes",101466
"gs_180370","Yes",102676
"gs_180371","Yes",102203
"gs_180372","Yes",102204
"gs_180373","Yes",102789
"gs_180374","Yes",102037
"gs_180375","Yes",102122
"gs_180376","Yes",101979
"gs_180377","Yes",102635
"gs_180378","Yes",102167
"gs_180379","Yes",101521
"gs_180380","Yes",102136
"gs_180381","Yes",102668
"gs_180382","Yes",101661
"gs_180383","Yes",101312
"gs_180384","Yes",101472
"gs_180385","Yes",102607
"gs_180386","Yes",101527
"gs_180387","Yes",102093
"gs_180388","Yes",101919
"gs_180389","Yes",101909
"gs_180390","Yes",102138
"gs_180391","Yes",101518
"gs_180392","Yes",101252
"gs_180393","Yes",102258
"gs_180394","Yes",101413
"gs_180395","Yes",101553
"gs_180396","Yes",101434
"gs_180397","Yes",101285
"gs_180398","Yes",102382
"gs_180399","Yes",101397
"gs_180400","Yes",101281
"gs_180401","Yes",101332
"gs_180402","Yes",101304
"gs_180403","Yes",101640
"gs_180404","Yes",101295
"gs_180405","Yes",101320
"gs_180406","Yes",101290
"gs_180407","Yes",101287
"gs_180408","Yes",101242
"gs_180409","Yes",102238
"gs_180410","Yes",102846
"gs_180411","Yes",101216
"gs_180412","Yes",102796
"gs_180413","Yes",101254
"gs_180414","Yes",101255
"gs_180415","Yes",101297
"gs_180416","Yes",102264
"gs_180417","Yes",101279
"gs_180418","Yes",102829
"gs_180419","Yes",101288
"gs_180420","Yes",102805
"gs_180421","Yes",101234
"gs_180422","Yes",101621
"gs_180423","Yes",101277
"gs_180424","Yes",102161
"gs_180425","Yes",101306
"gs_180426","Yes",101210
"gs_180427","Yes",102213
"gs_180428","Yes",101261
"gs_180429","Yes",101906
"gs_180430","Yes",101296
"gs_180431","Yes",101313
"gs_180432","Yes",102194
"gs_180433","Yes",101212
"gs_180434","Yes",101257
"gs_180435","Yes",101224
"gs_180436","Yes",101228
"gs_180437","Yes",102952
"gs_180438","Yes",101301
"gs_180439","Yes",101318
"gs_180440","Yes",101249
"gs_180441","Yes",101282
"gs_180442","Yes",102243
"gs_180443","Yes",101222
"gs_180444","Yes",102252
"gs_180445","Yes",101243
"gs_180446","Yes",101444
"gs_180447","Yes",101286
"gs_180448","Yes",101310
"gs_180449","Yes",102211
"gs_180450","Yes",102745
"gs_180451","Yes",101274
"gs_180453","Yes",101752
"gs_180454","Yes",101272
"gs_180455","Yes",101363
"gs_180456","Yes",101784
"gs_180457","Yes",101580
"gs_180458","Yes",101618
"gs_180459","Yes",101783
"gs_180460","Yes",101619
"gs_180461","Yes",101657
"gs_180462","Yes",101861
"gs_180463","Yes",101825
"gs_180464","Yes",102562
"gs_180465","Yes",102515
"gs_180466","Yes",102522
"gs_180467","Yes",101642
"gs_180468","Yes",101781
"gs_180469","Yes",102128
"gs_180470","Yes",101834
"gs_180471","Yes",101813
"gs_180472","Yes",102500
"gs_180473","Yes",101800
"gs_180474","Yes",102498
"gs_180475","Yes",101610
"gs_180476","Yes",102306
"gs_180477","Yes",101803
"gs_180478","Yes",102253
"gs_180479","Yes",101836
"gs_180480","Yes",102592
"gs_180481","Yes",101848
"gs_180482","Yes",102319
"gs_180483","Yes",102323
"gs_180484","Yes",101917
"gs_180485","Yes",101745
"gs_180486","Yes",102463
"gs_180487","Yes",101929
"gs_180488","Yes",102259
"gs_180489","Yes",102624
"gs_180490","Yes",101780
"gs_180491","Yes",102466
"gs_180492","Yes",102462
"gs_180493","Yes",101845
"gs_180494","Yes",102757
"gs_180495","Yes",102461
"gs_180496","Yes",101890
"gs_180497","Yes",101778
"gs_180498","Yes",101805
"gs_180499","Yes",102216
"gs_180500","Yes",103066
"gs_180501","Yes",101773
"gs_180502","Yes",100874
"gs_180506","Yes",101606
"gs_180507","Yes",101336
"gs_180508","Yes",101615
"gs_180509","Yes",101796
"gs_180510","Yes",102396
"gs_180511","Yes",101770
"gs_180512","Yes",101300
"gs_180513","Yes",101227
"gs_180514","Yes",101232
"gs_180515","Yes",102528
"gs_180516","Yes",101309
"gs_180517","Yes",101256
"gs_180518","Yes",101231
"gs_180519","Yes",101322
"gs_180520","Yes",101671
"gs_180617","Yes",100364
"gs_180649","Yes",103363
"gs_180650","Yes",102135
"gs_180651","Yes",100803
"gs_180652","Yes",101920
"gs_180653","Yes",103130
"gs_180654","Yes",103033
"gs_180655","Yes",103031
"gs_180656","Yes",103391
"gs_180657","Yes",103029
"gs_180658","Yes",103299
"gs_180659","Yes",102057
"gs_180660","Yes",103223
"gs_180661","Yes",100915
"gs_180662","Yes",102654
"gs_180663","Yes",100380
"gs_180664","Yes",102713
"gs_180665","Yes",103131
"gs_180666","Yes",102032
"gs_180667","Yes",103359
"gs_180668","Yes",101052
"gs_180669","Yes",101735
"gs_180670","Yes",103380
"gs_180671","Yes",103364
"gs_180672","Yes",101443
"gs_180673","Yes",101422
"gs_180758","Yes",100418
"gs_180894","Yes",104764
"gs_180895","Yes",102179
"gs_180896","Yes",102322
"gs_180898","Yes",101308
"gs_180899","Yes",103623
"gs_180900","Yes",103575
"gs_180901","Yes",101828
"gs_180902","Yes",100928
"gs_180903","Yes",102114
"gs_180904","Yes",104654
"gs_181111","Yes",123504
"gs_181456","Yes",103504
"gs_181619","Yes",100522
"gs_181623","Yes",103520
"gs_181696","Yes",103201
"gs_181697","Yes",103546
"gs_181798","Yes",123504
"gs_182170","Yes",100963
"gs_182209","Yes",103983
"gs_182236","Yes",100958
"gs_182337","Yes",102030
"gs_182410","Yes",103908
"gs_182411","Yes",104356
"gs_182412","Yes",100546
"gs_182413","Yes",104341
"gs_182414","Yes",103917
"gs_182415","Yes",104403
"gs_182416","Yes",101417
"gs_182418","Yes",101691
"gs_182419","Yes",102938
"gs_182420","Yes",100562
"gs_182421","Yes",102468
"gs_182422","Yes",103344
"gs_182423","Yes",101401
"gs_182424","Yes",104387
"gs_182425","Yes",103918
"gs_182426","Yes",101038
"gs_182427","Yes",106155
"gs_182428","Yes",101532
"gs_182429","Yes",106001
"gs_182430","Yes",102725
"gs_182618","Yes",100436
"gs_182729","Yes",99983
"gs_182737","Yes",102761
"gs_182751","Yes",104614
"gs_182752","Yes",102710
"gs_182754","Yes",101321
"gs_182757","Yes",101260
"gs_184366","Yes",105427
"gs_184367","Yes",105527
"gs_184368","Yes",105436
"gs_184373","Yes",107448
"gs_184404","Yes",118202
"gs_184437","Yes",118202
"gs_184491","Yes",106569
"gs_184492","Yes",106548
"gs_184494","Yes",106942
"gs_184496","Yes",107197
"gs_184497","Yes",106941
"gs_184513","Yes",105096
"gs_184564","Yes",106062
"gs_184565","Yes",105534
"gs_184569","Yes",108689
"gs_184572","Yes",108194
"gs_184615","Yes",107277
"gs_184625","Yes",105949
"gs_184672","Yes",105715
"gs_184673","Yes",107877
"gs_184674","Yes",100509
"gs_184675","Yes",102571
"gs_184676","Yes",107851
"gs_184677","Yes",101113
"gs_184680","Yes",107921
"gs_184681","Yes",108426
"gs_184767","Yes",106523
"gs_184768","Yes",106522
"gs_184769","Yes",106561
"gs_184770","Yes",106608
"gs_184771","Yes",106670
"gs_184772","Yes",106562
"gs_184773","Yes",106640
"gs_184774","Yes",106574
"gs_184775","Yes",106591
"gs_184776","Yes",106610
"gs_184777","Yes",106567
"gs_184778","Yes",106613
"gs_184779","Yes",106532
"gs_184780","Yes",106588
"gs_184781","Yes",106745
"gs_184782","Yes",106676
"gs_184783","Yes",106551
"gs_184784","Yes",106694
"gs_184785","Yes",106728
"gs_184786","Yes",106528
"gs_184787","Yes",106622
"gs_184788","Yes",106529
"gs_184789","Yes",106692
"gs_184790","Yes",106595
"gs_184791","Yes",106560
"gs_184792","Yes",106645
"gs_184793","Yes",106531
"gs_184794","Yes",106533
"gs_184795","Yes",106710
"gs_184796","Yes",106724
"gs_184797","Yes",106524
"gs_184798","Yes",106604
"gs_184799","Yes",106696
"gs_184800","Yes",106609
"gs_184801","Yes",106639
"gs_184802","Yes",106647
"gs_184895","Yes",100216
"gs_185019","Yes",107416
"gs_185021","Yes",108102
"gs_185031","Yes",107408
"gs_185032","Yes",109488
"gs_185034","Yes",109540
"gs_185035","Yes",107325
"gs_185037","Yes",100820
"gs_185038","Yes",107356
"gs_185039","Yes",107429
"gs_185040","Yes",108176
"gs_185331","Yes",107342
"gs_185495","Yes",107373
"gs_185596","Yes",106558
"gs_185603","Yes",108378
"gs_185628","Yes",107102
"gs_185629","Yes",106965
"gs_185630","Yes",107185
"gs_185631","Yes",106838
"gs_185632","Yes",107367
"gs_185633","Yes",106968
"gs_185634","Yes",106953
"gs_185635","Yes",107461
"gs_185636","Yes",106844
"gs_185758","Yes",107848
"gs_185759","Yes",107859
"gs_185760","Yes",107893
"gs_185761","Yes",107886
"gs_185762","Yes",107682
"gs_185763","Yes",107856
"gs_185764","Yes",107858
"gs_185765","Yes",107910
"gs_185766","Yes",107849
"gs_185767","Yes",107891
"gs_185768","Yes",107863
"gs_185769","Yes",107873
"gs_185770","Yes",107410
"gs_185771","Yes",107888
"gs_185772","Yes",107913
"gs_185774","Yes",109746
"gs_185776","Yes",101827
"gs_185777","Yes",101802
"gs_185856","Yes",109630
"gs_185857","Yes",109724
"gs_185858","Yes",107800
"gs_185859","Yes",107823
"gs_185860","Yes",107361
"gs_185861","Yes",107780
"gs_185862","Yes",107486
"gs_185863","Yes",107702
"gs_185864","Yes",107696
"gs_185865","Yes",107518
"gs_185866","Yes",107597
"gs_187386","Yes",107930
"gs_187387","Yes",108099
"gs_187388","Yes",108240
"gs_187389","Yes",108007
"gs_187390","Yes",107956
"gs_187391","Yes",108168
"gs_187392","Yes",108052
"gs_187393","Yes",108065
"gs_187394","Yes",108171
"gs_187395","Yes",107960
"gs_187396","Yes",108075
"gs_187397","Yes",108190
"gs_187398","Yes",108469
"gs_187399","Yes",107966
"gs_187400","Yes",108027
"gs_187401","Yes",108209
"gs_187402","Yes",108126
"gs_187403","Yes",108108
"gs_187404","Yes",108146
"gs_187405","Yes",108419
"gs_187406","Yes",108107
"gs_187407","Yes",107971
"gs_187408","Yes",108045
"gs_187409","Yes",107872
"gs_187410","Yes",108263
"gs_187411","Yes",108047
"gs_187412","Yes",107349
"gs_187413","Yes",107938
"gs_187414","Yes",108081
"gs_187415","Yes",107952
"gs_187416","Yes",108057
"gs_187417","Yes",108464
"gs_187419","Yes",108115
"gs_187450","Yes",107934
"gs_187451","Yes",107958
"gs_187452","Yes",108033
"gs_187453","Yes",108053
"gs_187454","Yes",107999
"gs_187455","Yes",108105
"gs_187456","Yes",108020
"gs_187457","Yes",107920
"gs_187458","Yes",108384
"gs_187459","Yes",107940
"gs_187460","Yes",107917
"gs_187461","Yes",107998
"gs_187462","Yes",108112
"gs_187463","Yes",108441
"gs_187464","Yes",108147
"gs_187465","Yes",108034
"gs_187466","Yes",107926
"gs_187467","Yes",108002
"gs_187468","Yes",108400
"gs_187469","Yes",108082
"gs_187470","Yes",108025
"gs_187471","Yes",108213
"gs_187472","Yes",108437
"gs_187473","Yes",107987
"gs_187474","Yes",108472
"gs_187475","Yes",107937
"gs_187476","Yes",108376
"gs_187477","Yes",108064
"gs_187478","Yes",108109
"gs_187479","Yes",108366
"gs_187480","Yes",107945
"gs_187481","Yes",108019
"gs_187482","Yes",108104
"gs_187483","Yes",107996
"gs_187484","Yes",107982
"gs_187485","Yes",108116
"gs_187486","Yes",107978
"gs_187487","Yes",107983
"gs_187488","Yes",108036
"gs_187489","Yes",108191
"gs_187490","Yes",108170
"gs_187491","Yes",108279
"gs_187492","Yes",108249
"gs_187493","Yes",108234
"gs_187494","Yes",108230
"gs_187495","Yes",107623
"gs_187496","Yes",108258
"gs_187497","Yes",108051
"gs_187500","Yes",107968
"gs_187531","Yes",108200
"gs_187532","Yes",108201
"gs_187533","Yes",108225
"gs_187534","Yes",108163
"gs_187535","Yes",108188
"gs_187536","Yes",108264
"gs_187567","Yes",107932
"gs_187568","Yes",108028
"gs_187569","Yes",108308
"gs_187570","Yes",108070
"gs_187571","Yes",107721
"gs_187572","Yes",107915
"gs_187573","Yes",109146
"gs_187574","Yes",108131
"gs_187575","Yes",109941
"gs_187590","Yes",107972
"gs_187591","Yes",107959
"gs_187592","Yes",108596
"gs_187593","Yes",108004
"gs_187594","Yes",108592
"gs_187595","Yes",108256
"gs_187596","Yes",107942
"gs_187597","Yes",107946
"gs_187598","Yes",108738
"gs_187599","Yes",108670
"gs_187600","Yes",107852
"gs_187601","Yes",110016
"gs_187635","Yes",107810
"gs_187636","Yes",108711
"gs_187637","Yes",108508
"gs_187638","Yes",108823
"gs_187639","Yes",108697
"gs_187640","Yes",108646
"gs_187641","Yes",108563
"gs_187642","Yes",108741
"gs_187643","Yes",108362
"gs_187644","Yes",108801
"gs_187645","Yes",108642
"gs_187646","Yes",108755
"gs_187647","Yes",108486
"gs_187648","Yes",108594
"gs_187838","Yes",108887
"gs_187839","Yes",109071
"gs_187840","Yes",108040
"gs_187841","Yes",108885
"gs_187842","Yes",108981
"gs_187843","Yes",109114
"gs_187844","Yes",108968
"gs_187845","Yes",108874
"gs_187846","Yes",108023
"gs_187847","Yes",109025
"gs_187848","Yes",109088
"gs_187849","Yes",108724
"gs_187850","Yes",108016
"gs_187951","Yes",116208
"gs_188392","Yes",108995
"gs_188424","Yes",108851
"gs_188533","Yes",108877
"gs_188642","Yes",108909
"gs_188653","Yes",109131
"gs_188739","Yes",109089
"gs_188770","Yes",116208
"gs_188771","Yes",108723
"gs_188772","Yes",108833
"gs_188773","Yes",109024
"gs_188775","Yes",109129
"gs_188788","Yes",108947
"gs_188890","Yes",109097
"gs_188991","Yes",108017
"gs_189064","Yes",109035
"gs_189170","Yes",109119
"gs_189265","Yes",109615
"gs_189266","Yes",107898
"gs_189267","Yes",109870
"gs_189268","Yes",109882
"gs_189269","Yes",109865
"gs_189270","Yes",109628
"gs_189271","Yes",108973
"gs_189272","Yes",108011
"gs_189273","Yes",107919
"gs_189274","Yes",109860
"gs_189275","Yes",109489
"gs_189276","Yes",109505
"gs_189277","Yes",109295
"gs_189278","Yes",109862
"gs_189279","Yes",110414
"gs_189294","Yes",109429
"gs_189295","Yes",109556
"gs_189296","Yes",109354
"gs_189297","Yes",109850
"gs_189298","Yes",109172
"gs_189299","Yes",109007
"gs_189300","Yes",109776
"gs_189301","Yes",109443
"gs_189302","Yes",109188
"gs_189303","Yes",109075
"gs_189304","Yes",107990
"gs_189305","Yes",109624
"gs_189306","Yes",109480
"gs_189307","Yes",109211
"gs_189308","Yes",109493
"gs_189309","Yes",109153
"gs_189310","Yes",109610
"gs_189311","Yes",109534
"gs_189312","Yes",109253
"gs_189313","Yes",109190
"gs_189314","Yes",109837
"gs_189315","Yes",109653
"gs_189316","Yes",109753
"gs_189317","Yes",106615
"gs_189318","Yes",109632
"gs_189319","Yes",107207
"gs_189320","Yes",109619
"gs_189321","Yes",109453
"gs_189322","Yes",109555
"gs_189323","Yes",109087
"gs_189324","Yes",109726
"gs_189325","Yes",109566
"gs_189326","Yes",109639
"gs_190121","Yes",97306
"gs_190918","Yes",107894
"gs_190919","Yes",110041
"gs_190975","Yes",109165
"gs_190977","Yes",109978
"gs_190979","Yes",110165
"gs_190980","Yes",110017
"gs_190981","Yes",110092
"gs_190982","Yes",110752
"gs_190983","Yes",110128
"gs_190984","Yes",110430
"gs_190985","Yes",110150
"gs_190986","Yes",109894
"gs_190987","Yes",109983
"gs_190988","Yes",110037
"gs_190989","Yes",110053
"gs_191030","Yes",110308
"gs_191031","Yes",109103
"gs_191032","Yes",110028
"gs_191033","Yes",110177
"gs_191034","Yes",110025
"gs_191076","Yes",123018
"gs_191117","Yes",123018
"gs_191129","Yes",110289
"gs_191130","Yes",107184
"gs_191131","Yes",110658
"gs_191132","Yes",110722
"gs_191133","Yes",110262
"gs_191134","Yes",109549
"gs_191135","Yes",108832
"gs_191136","Yes",110336
"gs_191137","Yes",110030
"gs_191138","Yes",110104
"gs_191139","Yes",110301
"gs_191140","Yes",109048
"gs_191141","Yes",110293
"gs_191142","Yes",110287
"gs_191143","Yes",110300
"gs_191160","Yes",122892
"gs_191191","Yes",122800
"gs_191262","Yes",122681
"gs_191790","Yes",110549
"gs_191791","Yes",110380
"gs_191792","Yes",111128
"gs_191814","Yes",110589
"gs_191815","Yes",110521
"gs_191816","Yes",110515
"gs_191817","Yes",110633
"gs_191818","Yes",110400
"gs_191819","Yes",110379
"gs_191820","Yes",110531
"gs_191821","Yes",110472
"gs_191822","Yes",110541
"gs_191823","Yes",110576
"gs_191824","Yes",110582
"gs_191825","Yes",110395
"gs_191826","Yes",110484
"gs_191827","Yes",110586
"gs_191828","Yes",110604
"gs_191831","Yes",111019
"gs_191872","Yes",109609
"gs_191894","Yes",111709
"gs_191898","Yes",111891
"gs_191899","Yes",111748
"gs_191902","Yes",111470
"gs_191904","Yes",111670
"gs_191907","Yes",111173
"gs_191912","Yes",112811
"gs_191913","Yes",111772
"gs_191914","Yes",111888
"gs_191918","Yes",111070
"gs_191919","Yes",110652
"gs_191942","Yes",111717
"gs_191943","Yes",110494
"gs_191944","Yes",110671
"gs_191945","Yes",110617
"gs_191946","Yes",110487
"gs_191947","Yes",110737
"gs_191948","Yes",110819
"gs_191949","Yes",110882
"gs_191950","Yes",110664
"gs_191951","Yes",110647
"gs_191952","Yes",110070
"gs_191953","Yes",110816
"gs_191954","Yes",110700
"gs_191955","Yes",110874
"gs_191957","Yes",110866
"gs_191958","Yes",111166
"gs_191959","Yes",110830
"gs_191960","Yes",110889
"gs_191961","Yes",110356
"gs_191972","Yes",112703
"gs_191976","Yes",112748
"gs_191977","Yes",112608
"gs_192021","Yes",111758
"gs_192022","Yes",111545
"gs_192051","Yes",112395
"gs_192056","Yes",111419
"gs_192058","Yes",111168
"gs_192061","Yes",111375
"gs_192066","Yes",111307
"gs_192068","Yes",111565
"gs_192069","Yes",111258
"gs_192071","Yes",111679
"gs_192072","Yes",111879
"gs_192073","Yes",112255
"gs_192074","Yes",111354
"gs_192075","Yes",111503
"gs_192077","Yes",111747
"gs_192079","Yes",111607
"gs_192081","Yes",112168
"gs_192235","Yes",110985
"gs_192236","Yes",108193
"gs_192237","Yes",111001
"gs_192315","Yes",110149
"gs_192316","Yes",111020
"gs_192317","Yes",111050
"gs_192318","Yes",110997
"gs_192319","Yes",111023
"gs_192320","Yes",110999
"gs_192321","Yes",110916
"gs_192322","Yes",111036
"gs_192323","Yes",110986
"gs_192324","Yes",110970
"gs_192326","Yes",110909
"gs_192328","Yes",110981
"gs_192329","Yes",111017
"gs_192331","Yes",111100
"gs_192848","Yes",112610
"gs_193029","Yes",114331
"gs_193031","Yes",112930
"gs_193033","Yes",112828
"gs_193034","Yes",113075
"gs_193037","Yes",112819
"gs_193038","Yes",113383
"gs_193141","Yes",112820
"gs_193142","Yes",112644
"gs_193144","Yes",113174
"gs_193787","Yes",112261
"gs_193788","Yes",112259
"gs_193789","Yes",112001
"gs_193790","Yes",111174
"gs_193794","Yes",111937
"gs_193795","Yes",115211
"gs_193796","Yes",111696
"gs_193798","Yes",112322
"gs_193801","Yes",113199
"gs_193837","Yes",111175
"gs_193843","Yes",111577
"gs_193844","Yes",112214
"gs_193847","Yes",112271
"gs_193864","Yes",108044
"gs_193894","Yes",111669
"gs_193896","Yes",111347
"gs_193897","Yes",112127
"gs_193898","Yes",111550
"gs_193899","Yes",111073
"gs_193900","Yes",111593
"gs_193901","Yes",111039
"gs_193902","Yes",112626
"gs_193905","Yes",113863
"gs_193938","Yes",112660
"gs_193939","Yes",113030
"gs_193940","Yes",114778
"gs_193942","Yes",112977
"gs_193944","Yes",112872
"gs_193945","Yes",112670
"gs_193946","Yes",113151
"gs_193948","Yes",112926
"gs_193949","Yes",112570
"gs_193950","Yes",112624
"gs_193951","Yes",112774
"gs_193952","Yes",112798
"gs_193953","Yes",112746
"gs_193954","Yes",113101
"gs_193955","Yes",112791
"gs_193956","Yes",112587
"gs_193957","Yes",112945
"gs_193958","Yes",112743
"gs_193959","Yes",113008
"gs_193962","Yes",113860
"gs_194089","Yes",114106
"gs_194090","Yes",111532
"gs_194091","Yes",111508
"gs_194092","Yes",111269
"gs_194093","Yes",112120
"gs_194094","Yes",111167
"gs_194095","Yes",111507
"gs_194096","Yes",111409
"gs_194097","Yes",111653
"gs_194098","Yes",111616
"gs_194099","Yes",111544
"gs_194100","Yes",111656
"gs_194101","Yes",111526
"gs_194102","Yes",111688
"gs_194103","Yes",111582
"gs_194104","Yes",111652
"gs_194105","Yes",111534
"gs_194106","Yes",111160
"gs_194107","Yes",111520
"gs_194108","Yes",111376
"gs_194109","Yes",111614
"gs_194110","Yes",111412
"gs_194111","Yes",111885
"gs_194112","Yes",112442
"gs_194113","Yes",111500
"gs_194114","Yes",111674
"gs_194115","Yes",111558
"gs_194116","Yes",111450
"gs_194117","Yes",112245
"gs_194118","Yes",111490
"gs_194119","Yes",111432
"gs_194120","Yes",111243
"gs_194121","Yes",111571
"gs_194122","Yes",111546
"gs_194123","Yes",111148
"gs_194124","Yes",111298
"gs_194125","Yes",111435
"gs_194126","Yes",111492
"gs_194127","Yes",111529
"gs_194128","Yes",112556
"gs_194131","Yes",115210
"gs_194310","Yes",111235
"gs_194311","Yes",111187
"gs_194312","Yes",111639
"gs_194313","Yes",111437
"gs_194314","Yes",111489
"gs_194315","Yes",111189
"gs_194316","Yes",111308
"gs_194317","Yes",111402
"gs_194318","Yes",111689
"gs_194319","Yes",111210
"gs_194320","Yes",111341
"gs_194321","Yes",111194
"gs_194322","Yes",111266
"gs_194323","Yes",111426
"gs_194324","Yes",111399
"gs_194325","Yes",111538
"gs_194326","Yes",111588
"gs_194327","Yes",111318
"gs_194328","Yes",111193
"gs_194329","Yes",111300
"gs_194330","Yes",111206
"gs_194331","Yes",111603
"gs_194332","Yes",111525
"gs_194333","Yes",111472
"gs_194334","Yes",111572
"gs_194335","Yes",111301
"gs_194336","Yes",111509
"gs_194337","Yes",112156
"gs_194338","Yes",112117
"gs_194339","Yes",111592
"gs_194340","Yes",111368
"gs_194341","Yes",111223
"gs_194342","Yes",112988
"gs_194343","Yes",111344
"gs_194344","Yes",111453
"gs_194345","Yes",111191
"gs_194346","Yes",111380
"gs_194347","Yes",111462
"gs_194348","Yes",112267
"gs_194349","Yes",112495
"gs_194350","Yes",111903
"gs_194351","Yes",111648
"gs_194352","Yes",111345
"gs_194353","Yes",112128
"gs_194354","Yes",111200
"gs_194355","Yes",111220
"gs_194356","Yes",111618
"gs_194357","Yes",112373
"gs_194358","Yes",111659
"gs_194359","Yes",111445
"gs_194360","Yes",111254
"gs_194361","Yes",111377
"gs_194362","Yes",111420
"gs_194363","Yes",111292
"gs_194364","Yes",111646
"gs_194365","Yes",111477
"gs_194366","Yes",111392
"gs_194367","Yes",111686
"gs_194368","Yes",111601
"gs_194369","Yes",111242
"gs_194370","Yes",111423
"gs_194371","Yes",111319
"gs_194372","Yes",111458
"gs_194373","Yes",111279
"gs_194374","Yes",111416
"gs_194375","Yes",111411
"gs_194376","Yes",111446
"gs_194377","Yes",111393
"gs_194378","Yes",111625
"gs_194379","Yes",111239
"gs_194380","Yes",111383
"gs_194381","Yes",111214
"gs_194382","Yes",111394
"gs_194383","Yes",111638
"gs_194384","Yes",111460
"gs_194385","Yes",111512
"gs_194386","Yes",111579
"gs_194387","Yes",111283
"gs_194388","Yes",111199
"gs_194389","Yes",111440
"gs_194390","Yes",111320
"gs_194391","Yes",111328
"gs_194392","Yes",111680
"gs_194393","Yes",111447
"gs_194394","Yes",111414
"gs_194395","Yes",111685
"gs_194396","Yes",111275
"gs_194398","Yes",111615
"gs_194399","Yes",111273
"gs_194400","Yes",111178
"gs_194401","Yes",111410
"gs_194402","Yes",111479
"gs_194403","Yes",111654
"gs_194404","Yes",111309
"gs_194405","Yes",111299
"gs_194410","Yes",111400
"gs_194411","Yes",111216
"gs_194412","Yes",111326
"gs_194413","Yes",111415
"gs_194414","Yes",111496
"gs_194415","Yes",111528
"gs_194416","Yes",111442
"gs_194417","Yes",111504
"gs_194418","Yes",111253
"gs_194419","Yes",111176
"gs_194420","Yes",111177
"gs_194421","Yes",111272
"gs_194422","Yes",111667
"gs_194423","Yes",111557
"gs_194424","Yes",111655
"gs_194425","Yes",111333
"gs_194426","Yes",111251
"gs_194427","Yes",111249
"gs_194428","Yes",111285
"gs_194429","Yes",111355
"gs_194430","Yes",111434
"gs_194431","Yes",111474
"gs_194432","Yes",111390
"gs_194433","Yes",111396
"gs_194434","Yes",111524
"gs_194435","Yes",111418
"gs_194436","Yes",111264
"gs_194437","Yes",111196
"gs_194438","Yes",111260
"gs_194439","Yes",111378
"gs_194440","Yes",111362
"gs_194441","Yes",111230
"gs_194442","Yes",111452
"gs_194443","Yes",111497
"gs_194444","Yes",111672
"gs_194445","Yes",111278
"gs_194446","Yes",111185
"gs_194447","Yes",111406
"gs_194448","Yes",111384
"gs_194449","Yes",111184
"gs_194450","Yes",111343
"gs_194451","Yes",111263
"gs_194452","Yes",111325
"gs_194453","Yes",111644
"gs_194454","Yes",111405
"gs_194455","Yes",111329
"gs_194456","Yes",111227
"gs_194457","Yes",111284
"gs_194458","Yes",111231
"gs_194459","Yes",111505
"gs_194460","Yes",111245
"gs_194461","Yes",111366
"gs_194462","Yes",111431
"gs_194463","Yes",111356
"gs_194464","Yes",111225
"gs_194465","Yes",111338
"gs_194466","Yes",111339
"gs_194467","Yes",111678
"gs_194468","Yes",111238
"gs_194469","Yes",111313
"gs_194470","Yes",111351
"gs_194471","Yes",111521
"gs_194472","Yes",111291
"gs_194473","Yes",111294
"gs_194474","Yes",111681
"gs_194475","Yes",111561
"gs_194476","Yes",111570
"gs_194477","Yes",111381
"gs_194478","Yes",111662
"gs_194479","Yes",111622
"gs_194480","Yes",112197
"gs_194481","Yes",111327
"gs_194482","Yes",111197
"gs_194483","Yes",111218
"gs_194484","Yes",111661
"gs_194485","Yes",111624
"gs_194486","Yes",111619
"gs_194487","Yes",111481
"gs_194488","Yes",111599
"gs_194489","Yes",111517
"gs_194490","Yes",111626
"gs_194491","Yes",111627
"gs_194492","Yes",111438
"gs_194493","Yes",111211
"gs_194494","Yes",111297
"gs_194495","Yes",111262
"gs_194496","Yes",111224
"gs_194497","Yes",111640
"gs_194498","Yes",111358
"gs_194499","Yes",111650
"gs_194500","Yes",111606
"gs_194501","Yes",111576
"gs_194502","Yes",112534
"gs_194503","Yes",111701
"gs_194504","Yes",111190
"gs_194505","Yes",111578
"gs_194506","Yes",111583
"gs_194507","Yes",111270
"gs_194508","Yes",112105
"gs_194509","Yes",111370
"gs_194510","Yes",112239
"gs_194512","Yes",113314
"gs_194513","Yes",111523
"gs_194514","Yes",111612
"gs_194515","Yes",111353
"gs_194516","Yes",111241
"gs_194517","Yes",111374
"gs_194518","Yes",111428
"gs_194519","Yes",111281
"gs_194520","Yes",111589
"gs_194521","Yes",111473
"gs_194522","Yes",111234
"gs_194523","Yes",111212
"gs_194524","Yes",111443
"gs_194525","Yes",111282
"gs_194526","Yes",111641
"gs_194549","Yes",112752
"gs_194551","Yes",112735
"gs_194555","Yes",116668
"gs_194556","Yes",114022
"gs_194729","Yes",113580
"gs_194733","Yes",113218
"gs_194808","Yes",114298
"gs_195101","Yes",113941
"gs_195105","Yes",113788
"gs_195107","Yes",112054
"gs_195108","Yes",111864
"gs_195109","Yes",113349
"gs_195114","Yes",113566
"gs_195118","Yes",113591
"gs_195143","Yes",113343
"gs_196384","Yes",113007
"gs_196698","Yes",113997
"gs_196712","Yes",113965
"gs_196714","Yes",114035
"gs_196717","Yes",114181
"gs_196718","Yes",114153
"gs_196720","Yes",114513
"gs_196833","Yes",114070
"gs_196834","Yes",113996
"gs_196836","Yes",114173
"gs_196837","Yes",114108
"gs_196999","Yes",114059
"gs_197019","Yes",111232
"gs_197055","Yes",115707
"gs_197101","Yes",115347
"gs_197159","Yes",114757
"gs_197160","Yes",114373
"gs_197163","Yes",115347
"gs_197291","Yes",114187
"gs_197292","Yes",114117
"gs_197299","Yes",114858
"gs_197300","Yes",113295
"gs_197378","Yes",114138
"gs_197385","Yes",114115
"gs_197389","Yes",114113
"gs_197392","Yes",114126
"gs_197398","Yes",114149
"gs_197401","Yes",114125
"gs_197402","Yes",114041
"gs_197406","Yes",113534
"gs_197447","Yes",112240
"gs_197449","Yes",114136
"gs_197451","Yes",114111
"gs_197454","Yes",114132
"gs_197455","Yes",114127
"gs_197460","Yes",112312
"gs_197463","Yes",114116
"gs_197468","Yes",112099
"gs_197471","Yes",114754
"gs_197472","Yes",114190
"gs_197473","Yes",114129
"gs_197476","Yes",114977
"gs_197478","Yes",112021
"gs_197493","Yes",114294
"gs_197494","Yes",114322
"gs_197495","Yes",114357
"gs_197497","Yes",115212
"gs_197498","Yes",115185
"gs_197499","Yes",115075
"gs_197500","Yes",115301
"gs_197504","Yes",114287
"gs_197505","Yes",114291
"gs_197506","Yes",114293
"gs_197507","Yes",114332
"gs_197571","Yes",115958
"gs_197572","Yes",115765
"gs_197575","Yes",114261
"gs_197576","Yes",114299
"gs_197577","Yes",114276
"gs_197578","Yes",114383
"gs_197579","Yes",114305
"gs_197580","Yes",114347
"gs_197581","Yes",114277
"gs_197582","Yes",114216
"gs_197583","Yes",114297
"gs_197584","Yes",114385
"gs_197585","Yes",114215
"gs_197586","Yes",114318
"gs_197587","Yes",114380
"gs_197588","Yes",114371
"gs_197589","Yes",114163
"gs_197592","Yes",114396
"gs_197593","Yes",114381
"gs_197594","Yes",114354
"gs_197595","Yes",114328
"gs_197596","Yes",114350
"gs_197599","Yes",114320
"gs_197600","Yes",114051
"gs_197601","Yes",114388
"gs_197602","Yes",114338
"gs_197603","Yes",114140
"gs_197604","Yes",114902
"gs_197605","Yes",114585
"gs_197606","Yes",114312
"gs_197607","Yes",114545
"gs_197608","Yes",111834
"gs_197613","Yes",115896
"gs_197646","Yes",113322
"gs_197649","Yes",115296
"gs_197654","Yes",114223
"gs_197655","Yes",114309
"gs_197657","Yes",114218
"gs_197658","Yes",112071
"gs_197659","Yes",114319
"gs_197660","Yes",114248
"gs_197661","Yes",114221
"gs_197662","Yes",114227
"gs_197663","Yes",114466
"gs_197665","Yes",114356
"gs_197666","Yes",114242
"gs_197667","Yes",115069
"gs_197668","Yes",114207
"gs_197669","Yes",114488
"gs_197670","Yes",114307
"gs_197671","Yes",114586
"gs_197672","Yes",114746
"gs_197673","Yes",115118
"gs_197674","Yes",111836
"gs_197690","Yes",114640
"gs_197691","Yes",114536
"gs_197692","Yes",114574
"gs_197693","Yes",114503
"gs_197694","Yes",114626
"gs_197695","Yes",114567
"gs_197696","Yes",114582
"gs_197697","Yes",114565
"gs_197698","Yes",114587
"gs_197699","Yes",114634
"gs_197707","Yes",114447
"gs_197709","Yes",114452
"gs_197710","Yes",114433
"gs_197774","Yes",116233
"gs_197775","Yes",115733
"gs_197776","Yes",114479
"gs_197777","Yes",114665
"gs_197779","Yes",114416
"gs_197780","Yes",114409
"gs_197781","Yes",114660
"gs_197782","Yes",114411
"gs_197784","Yes",114597
"gs_197785","Yes",114518
"gs_197786","Yes",114639
"gs_197787","Yes",114676
"gs_197788","Yes",114653
"gs_197789","Yes",114504
"gs_197790","Yes",114575
"gs_197791","Yes",114448
"gs_197792","Yes",115780
"gs_197793","Yes",114534
"gs_197794","Yes",114560
"gs_197795","Yes",114583
"gs_197796","Yes",114649
"gs_197797","Yes",114549
"gs_197798","Yes",114507
"gs_197799","Yes",114423
"gs_197801","Yes",114577
"gs_197802","Yes",114515
"gs_197803","Yes",114613
"gs_197804","Yes",115427
"gs_197805","Yes",115553
"gs_197806","Yes",114377
"gs_197807","Yes",114524
"gs_197808","Yes",114174
"gs_197809","Yes",114633
"gs_197824","Yes",115389
"gs_197825","Yes",115667
"gs_197826","Yes",115394
"gs_197828","Yes",116166
"gs_197829","Yes",116448
"gs_197855","Yes",114647
"gs_197856","Yes",114664
"gs_197857","Yes",114480
"gs_197858","Yes",114519
"gs_197859","Yes",114559
"gs_197861","Yes",114387
"gs_197862","Yes",114606
"gs_197863","Yes",114642
"gs_197864","Yes",114628
"gs_197865","Yes",114651
"gs_197866","Yes",114425
"gs_197867","Yes",114450
"gs_197868","Yes",114516
"gs_197869","Yes",114672
"gs_197870","Yes",114627
"gs_197871","Yes",114656
"gs_197872","Yes",114630
"gs_197873","Yes",114620
"gs_197874","Yes",114535
"gs_197875","Yes",114598
"gs_197876","Yes",114638
"gs_197877","Yes",114487
"gs_197878","Yes",115266
"gs_197879","Yes",114580
"gs_197880","Yes",113741
"gs_197895","Yes",114692
"gs_197896","Yes",114973
"gs_197897","Yes",114553
"gs_197899","Yes",114734
"gs_197900","Yes",114900
"gs_197901","Yes",114687
"gs_197902","Yes",114726
"gs_197903","Yes",114932
"gs_197904","Yes",114840
"gs_197905","Yes",114909
"gs_197906","Yes",114957
"gs_197907","Yes",114781
"gs_197908","Yes",116625
"gs_197910","Yes",114829
"gs_197977","Yes",115659
"gs_197978","Yes",114806
"gs_197979","Yes",114879
"gs_197980","Yes",114812
"gs_197981","Yes",114991
"gs_197982","Yes",114795
"gs_197983","Yes",114834
"gs_197984","Yes",114955
"gs_197985","Yes",114850
"gs_197986","Yes",114828
"gs_197987","Yes",114996
"gs_197988","Yes",114811
"gs_197989","Yes",116202
"gs_197990","Yes",114815
"gs_197991","Yes",114780
"gs_197994","Yes",114925
"gs_197996","Yes",114987
"gs_197997","Yes",114913
"gs_197998","Yes",114343
"gs_197999","Yes",114880
"gs_198000","Yes",114792
"gs_198001","Yes",114759
"gs_198002","Yes",114572
"gs_198003","Yes",114943
"gs_198004","Yes",114730
"gs_198005","Yes",114847
"gs_198006","Yes",114841
"gs_198007","Yes",114997
"gs_198008","Yes",114749
"gs_198009","Yes",114956
"gs_198010","Yes",114951
"gs_198011","Yes",114713
"gs_198012","Yes",114614
"gs_198013","Yes",114685
"gs_198014","Yes",114931
"gs_198015","Yes",114979
"gs_198016","Yes",114922
"gs_198017","Yes",114690
"gs_198018","Yes",114192
"gs_198019","Yes",114954
"gs_198020","Yes",114915
"gs_198021","Yes",114839
"gs_198022","Yes",114645
"gs_198023","Yes",114650
"gs_198024","Yes",114963
"gs_198025","Yes",114851
"gs_198026","Yes",114684
"gs_198027","Yes",114958
"gs_198028","Yes",114876
"gs_198029","Yes",114908
"gs_198030","Yes",115994
"gs_198031","Yes",114911
"gs_198032","Yes",114946
"gs_198033","Yes",114961
"gs_198034","Yes",116652
"gs_198035","Yes",116971
"gs_198039","Yes",116278
"gs_198059","Yes",116068
"gs_198064","Yes",115378
"gs_198066","Yes",116391
"gs_198067","Yes",116075
"gs_198068","Yes",115400
"gs_198069","Yes",116049
"gs_198070","Yes",116135
"gs_198072","Yes",116038
"gs_198073","Yes",116243
"gs_198074","Yes",116146
"gs_198075","Yes",116231
"gs_198076","Yes",116174
"gs_198077","Yes",116711
"gs_198078","Yes",116036
"gs_198080","Yes",115413
"gs_198099","Yes",114903
"gs_198100","Yes",114868
"gs_198101","Yes",114767
"gs_198102","Yes",114716
"gs_198103","Yes",114972
"gs_198104","Yes",114988
"gs_198105","Yes",114848
"gs_198106","Yes",114573
"gs_198107","Yes",114688
"gs_198108","Yes",114733
"gs_198109","Yes",114944
"gs_198110","Yes",114899
"gs_198111","Yes",114898
"gs_198112","Yes",114878
"gs_198113","Yes",114723
"gs_198114","Yes",114901
"gs_198115","Yes",114715
"gs_198116","Yes",114714
"gs_198117","Yes",114971
"gs_198118","Yes",114877
"gs_198119","Yes",114584
"gs_198120","Yes",114959
"gs_198126","Yes",117515
"gs_198149","Yes",115687
"gs_198150","Yes",115112
"gs_198151","Yes",115242
"gs_198152","Yes",115309
"gs_198153","Yes",115648
"gs_198154","Yes",115013
"gs_198155","Yes",115250
"gs_198156","Yes",115942
"gs_198157","Yes",115008
"gs_198158","Yes",115038
"gs_198159","Yes",115712
"gs_198160","Yes",115637
"gs_198161","Yes",115718
"gs_198162","Yes",115289
"gs_198163","Yes",114975
"gs_198168","Yes",114774
"gs_198169","Yes",118344
"gs_198375","Yes",115023
"gs_198376","Yes",115674
"gs_198377","Yes",115682
"gs_198378","Yes",115454
"gs_198379","Yes",115453
"gs_198380","Yes",115504
"gs_198381","Yes",115516
"gs_198382","Yes",115425
"gs_198383","Yes",115527
"gs_198384","Yes",115474
"gs_198385","Yes",115457
"gs_198386","Yes",115428
"gs_198387","Yes",115646
"gs_198388","Yes",115729
"gs_198389","Yes",115909
"gs_198390","Yes",115100
"gs_198391","Yes",114374
"gs_198392","Yes",115431
"gs_198393","Yes",115568
"gs_198394","Yes",114316
"gs_198395","Yes",115609
"gs_198396","Yes",115409
"gs_198397","Yes",115537
"gs_198398","Yes",115012
"gs_198399","Yes",115620
"gs_198400","Yes",115550
"gs_198401","Yes",114939
"gs_198402","Yes",115688
"gs_198403","Yes",115634
"gs_198404","Yes",115496
"gs_198405","Yes",115420
"gs_198406","Yes",115508
"gs_198407","Yes",115471
"gs_198408","Yes",115631
"gs_198409","Yes",115941
"gs_198410","Yes",114985
"gs_198411","Yes",115364
"gs_198412","Yes",113427
"gs_198413","Yes",115498
"gs_198414","Yes",115424
"gs_198415","Yes",115423
"gs_198416","Yes",115302
"gs_198418","Yes",115547
"gs_198419","Yes",115207
"gs_198420","Yes",115561
"gs_198421","Yes",115325
"gs_198422","Yes",115041
"gs_198423","Yes",115726
"gs_198424","Yes",115018
"gs_198425","Yes",115580
"gs_198426","Yes",115557
"gs_198427","Yes",115540
"gs_198428","Yes",115714
"gs_198429","Yes",115482
"gs_198430","Yes",115445
"gs_198431","Yes",115636
"gs_198432","Yes",115535
"gs_198433","Yes",115698
"gs_198434","Yes",115477
"gs_198435","Yes",115574
"gs_198436","Yes",115651
"gs_198437","Yes",115520
"gs_198438","Yes",115716
"gs_198439","Yes",115581
"gs_198440","Yes",115476
"gs_198441","Yes",115480
"gs_198442","Yes",115643
"gs_198443","Yes",115022
"gs_198444","Yes",115298
"gs_198445","Yes",115717
"gs_198446","Yes",115697
"gs_198447","Yes",115448
"gs_198448","Yes",115529
"gs_198449","Yes",115483
"gs_198450","Yes",115576
"gs_198451","Yes",115444
"gs_198452","Yes",115435
"gs_198453","Yes",115007
"gs_198454","Yes",115623
"gs_198455","Yes",115466
"gs_198456","Yes",115545
"gs_198457","Yes",115059
"gs_198458","Yes",115086
"gs_198459","Yes",115079
"gs_198460","Yes",115035
"gs_198461","Yes",115566
"gs_198462","Yes",115563
"gs_198463","Yes",115288
"gs_198464","Yes",115050
"gs_198465","Yes",115596
"gs_198466","Yes",115096
"gs_198467","Yes",115458
"gs_198468","Yes",114976
"gs_198469","Yes",117083
"gs_198470","Yes",117090
"gs_198471","Yes",116182
"gs_198473","Yes",114542
"gs_198483","Yes",116354
"gs_198484","Yes",115469
"gs_198485","Yes",115652
"gs_198486","Yes",115597
"gs_198487","Yes",114894
"gs_198488","Yes",115518
"gs_198489","Yes",115666
"gs_198490","Yes",115495
"gs_198491","Yes",115669
"gs_198492","Yes",115512
"gs_198493","Yes",115562
"gs_198494","Yes",115509
"gs_198495","Yes",114992
"gs_198496","Yes",115696
"gs_198497","Yes",115468
"gs_198498","Yes",115278
"gs_198499","Yes",115449
"gs_198500","Yes",115422
"gs_198501","Yes",115503
"gs_198502","Yes",115465
"gs_198503","Yes",115267
"gs_198504","Yes",115244
"gs_198505","Yes",115565
"gs_198506","Yes",115455
"gs_198507","Yes",115585
"gs_198508","Yes",115358
"gs_198509","Yes",115049
"gs_198510","Yes",115264
"gs_198511","Yes",115145
"gs_198582","Yes",116770
"gs_198583","Yes",117049
"gs_198584","Yes",116453
"gs_198585","Yes",116600
"gs_198586","Yes",116034
"gs_198587","Yes",116379
"gs_198588","Yes",115348
"gs_198589","Yes",115344
"gs_198590","Yes",115339
"gs_198591","Yes",115386
"gs_198592","Yes",115356
"gs_198593","Yes",116576
"gs_198594","Yes",115355
"gs_198595","Yes",115501
"gs_198596","Yes",115489
"gs_198597","Yes",115639
"gs_198598","Yes",115379
"gs_198599","Yes",115366
"gs_198603","Yes",115701
"gs_198604","Yes",115362
"gs_198605","Yes",115432
"gs_198606","Yes",115341
"gs_198608","Yes",115588
"gs_198609","Yes",115647
"gs_198610","Yes",116738
"gs_198611","Yes",115397
"gs_198612","Yes",115582
"gs_198613","Yes",115519
"gs_198614","Yes",115349
"gs_198615","Yes",115461
"gs_198616","Yes",115346
"gs_198617","Yes",115677
"gs_198618","Yes",115351
"gs_198619","Yes",115384
"gs_198620","Yes",115330
"gs_198621","Yes",115357
"gs_198622","Yes",116090
"gs_198623","Yes",116070
"gs_198655","Yes",115036
"gs_198656","Yes",115015
"gs_198657","Yes",115219
"gs_198658","Yes",116777
"gs_198659","Yes",115195
"gs_198661","Yes",115030
"gs_198663","Yes",115675
"gs_198666","Yes",115280
"gs_198669","Yes",115238
"gs_198671","Yes",115684
"gs_198677","Yes",114691
"gs_198678","Yes",115240
"gs_198679","Yes",114994
"gs_198680","Yes",115123
"gs_198681","Yes",115156
"gs_198682","Yes",115303
"gs_198683","Yes",115213
"gs_198684","Yes",115253
"gs_198685","Yes",115734
"gs_198686","Yes",115135
"gs_198687","Yes",115142
"gs_198688","Yes",115068
"gs_198689","Yes",115638
"gs_198690","Yes",115611
"gs_198691","Yes",115136
"gs_198692","Yes",115396
"gs_198693","Yes",115265
"gs_198694","Yes",115324
"gs_198695","Yes",115940
"gs_198696","Yes",115451
"gs_198697","Yes",115137
"gs_198698","Yes",114543
"gs_199825","Yes",122790
"gs_199896","Yes",117686
"gs_199897","Yes",117834
"gs_199898","Yes",117685
"gs_199899","Yes",117950
"gs_199900","Yes",117729
"gs_199901","Yes",117898
"gs_199902","Yes",117349
"gs_199903","Yes",117319
"gs_199904","Yes",117290
"gs_199905","Yes",117326
"gs_199906","Yes",117723
"gs_199907","Yes",117254
"gs_199908","Yes",117681
"gs_199909","Yes",117382
"gs_199910","Yes",117625
"gs_199912","Yes",117979
"gs_199915","Yes",117367
"gs_199916","Yes",117779
"gs_199917","Yes",117771
"gs_199918","Yes",117734
"gs_199920","Yes",117571
"gs_199960","Yes",112992
"gs_200052","Yes",116772
"gs_200053","Yes",117666
"gs_200054","Yes",117108
"gs_200085","Yes",117070
"gs_200087","Yes",116703
"gs_200089","Yes",111586
"gs_200094","Yes",114835
"gs_200132","Yes",117980
"gs_200133","Yes",113292
"gs_200136","Yes",117429
"gs_200137","Yes",117110
"gs_200143","Yes",118145
"gs_200193","Yes",116043
"gs_200317","Yes",116290
"gs_200330","Yes",117107
"gs_200345","Yes",116228
"gs_200346","Yes",116496
"gs_200410","Yes",117277
"gs_200411","Yes",117683
"gs_200412","Yes",117948
"gs_200415","Yes",117240
"gs_200416","Yes",117484
"gs_200423","Yes",117528
"gs_200426","Yes",117461
"gs_200450","Yes",117730
"gs_200505","Yes",122430
"gs_200964","Yes",118181
"gs_200972","Yes",118156
"gs_200978","Yes",118222
"gs_201110","Yes",118209
"gs_201115","Yes",119130
"gs_201116","Yes",119147
"gs_201117","Yes",118442
"gs_201118","Yes",119252
"gs_201120","Yes",118799
"gs_201122","Yes",118546
"gs_201124","Yes",121277
"gs_201270","Yes",118321
"gs_201382","Yes",118138
"gs_201486","Yes",118169
"gs_201488","Yes",114721
"gs_201495","Yes",122429
"gs_201723","Yes",117334
"gs_201730","Yes",117912
"gs_201735","Yes",117712
"gs_201736","Yes",117846
"gs_201850","Yes",118348
"gs_201867","Yes",119796
"gs_202013","Yes",119705
"gs_202016","Yes",119272
"gs_202017","Yes",120021
"gs_202020","Yes",119286
"gs_202021","Yes",118956
"gs_202023","Yes",119212
"gs_202026","Yes",119902
"gs_202027","Yes",119119
"gs_202029","Yes",119435
"gs_202030","Yes",118857
"gs_202036","Yes",120997
"gs_202124","Yes",119338
"gs_202353","Yes",117270
"gs_202413","Yes",119845
"gs_202421","Yes",121122
"gs_202484","Yes",117233
"gs_202679","Yes",120299
"gs_202714","Yes",119829
"gs_202715","Yes",118942
"gs_202716","Yes",119011
"gs_202718","Yes",119032
"gs_202719","Yes",118362
"gs_202722","Yes",118254
"gs_202725","Yes",119310
"gs_202726","Yes",119185
"gs_202731","Yes",118940
"gs_202736","Yes",119346
"gs_202742","Yes",121050
"gs_202913","Yes",120795
"gs_202946","Yes",115284
"gs_202952","Yes",119739
"gs_202960","Yes",119051
"gs_202974","Yes",118385
"gs_202980","Yes",120770
"gs_202983","Yes",120642
"gs_202995","Yes",120718
"gs_202997","Yes",119649
"gs_203001","Yes",118203
"gs_203002","Yes",119780
"gs_203003","Yes",119912
"gs_203004","Yes",120074
"gs_203005","Yes",120186
"gs_203006","Yes",120576
"gs_203007","Yes",119234
"gs_203008","Yes",119232
"gs_203010","Yes",113294
"gs_203011","Yes",119518
"gs_203022","Yes",120016
"gs_203027","Yes",120735
"gs_203039","Yes",120217
"gs_203047","Yes",118939
"gs_203049","Yes",119992
"gs_203165","Yes",119855
"gs_203200","Yes",118313
"gs_203215","Yes",119855
"gs_203328","Yes",111280
"gs_203421","Yes",121253
"gs_203537","Yes",120461
"gs_204444","Yes",121307
"gs_204490","Yes",121228
"gs_204586","Yes",120771
"gs_204612","Yes",118433
"gs_204644","Yes",118393
"gs_204645","Yes",118965
"gs_204646","Yes",119750
"gs_204647","Yes",120686
"gs_204648","Yes",119577
"gs_204656","Yes",118428
"gs_204670","Yes",116149
"gs_204684","Yes",121343
"gs_204750","Yes",121236
"gs_207146","Yes",121848
"gs_207202","Yes",121848
"gs_208344","Yes",122631
"gs_208405","Yes",122630
"gs_209431","Yes",123325
"gs_209755","Yes",123206
"gs_209757","Yes",123144
"gs_209764","Yes",123206
"gs_209766","Yes",123144
"gs_210368","Yes",123248
"gs_210567","Yes",123074
"gs_210603","Yes",123074
"gs_210608","Yes",123038
"gs_212265","Yes",121865
"gs_212267","Yes",123216
"gs_212520","Yes",123121
"gs_212555","Yes",121866
"gs_212569","Yes",123048
"gs_212576","Yes",122982
"gs_214319","Yes",123494
"gs_214338","Yes",123494
"frb_1876","Yes",63491
"frb_1944","Yes",63417
"frb_1948","Yes",63473
"frb_4253","Yes",86985
"frb_4359","Yes",85917
"frb_4418","Yes",85851
"frb_4424","Yes",81878
"frb_4429","Yes",85114
"frb_4482","Yes",87726
"frb_5013","Yes",53033
"frb_5224","Yes",42841
"frb_5272","Yes",43261
"frb_5289","Yes",43262
"frb_5928","Yes",62877
"frb_5929","Yes",62943
"frb_6376","Yes",84308
"frb_8550","Yes",74652
"frb_9019","Yes",94335
"frb_9635","Yes",103692
"frb_11787","Yes",74891
"frb_15303","Yes",68253
"frb_15382","Yes",67056
"frb_16457","Yes",47316
"frb_18839","Yes",94062
"frb_18840","Yes",95045
"frb_18841","Yes",95061
"frb_18843","Yes",93920
"frb_18844","Yes",93978
"frb_18845","Yes",93881
"frb_18846","Yes",93985
"frb_18847","Yes",93942
"frb_18848","Yes",93899
"frb_18849","Yes",94029
"frb_18850","Yes",94030
"frb_18851","Yes",93977
"frb_18852","Yes",94011
"frb_18853","Yes",93994
"frb_18854","Yes",94125
"frb_18855","Yes",93933
"frb_18856","Yes",94041
"frb_18858","Yes",94135
"frb_18859","Yes",94149
"frb_18860","Yes",94042
"frb_18861","Yes",94009
"frb_18862","Yes",93738
"frb_18863","Yes",93763
"frb_18864","Yes",93781
"frb_18865","Yes",93948
"frb_18866","Yes",94123
"frb_18867","Yes",94101
"frb_18868","Yes",94213
"frb_18869","Yes",93996
"frb_18870","Yes",94091
"frb_18871","Yes",93901
"frb_18872","Yes",94058
"frb_18873","Yes",94059
"frb_18874","Yes",93924
"frb_18875","Yes",93890
"frb_18876","Yes",93733
"frb_18877","Yes",93794
"frb_18878","Yes",93770
"frb_18879","Yes",93951
"frb_18880","Yes",94027
"frb_18881","Yes",93987
"frb_18882","Yes",93923
"frb_18883","Yes",93911
"frb_18884","Yes",93941
"frb_18885","Yes",94068
"frb_18886","Yes",93979
"frb_18887","Yes",94187
"frb_18888","Yes",94071
"frb_18889","Yes",93931
"frb_18890","Yes",93984
"frb_18891","Yes",94003
"frb_18893","Yes",93936
"frb_18894","Yes",93915
"frb_18895","Yes",94073
"frb_18896","Yes",93909
"frb_18897","Yes",93947
"frb_18898","Yes",94229
"frb_18899","Yes",93731
"frb_18900","Yes",93767
"frb_18901","Yes",93730
"frb_18902","Yes",93788
"frb_18903","Yes",94099
"frb_18904","Yes",93919
"frb_18905","Yes",93844
"frb_18906","Yes",93997
"frb_18907","Yes",93939
"frb_18908","Yes",93895
"frb_18909","Yes",94019
"frb_18910","Yes",94045
"frb_18911","Yes",94064
"frb_18912","Yes",93916
"frb_18913","Yes",94100
"frb_18914","Yes",93885
"frb_18915","Yes",94145
"frb_18916","Yes",93975
"frb_18918","Yes",93940
"frb_18919","Yes",93801
"frb_18920","Yes",94140
"frb_18921","Yes",93957
"frb_18922","Yes",93914
"frb_18923","Yes",93943
"frb_18924","Yes",93921
"frb_18925","Yes",93897
"frb_18926","Yes",93950
"frb_18927","Yes",94162
"frb_18928","Yes",94122
"frb_18929","Yes",93922
"frb_18930","Yes",94056
"frb_18931","Yes",94063
"frb_18932","Yes",93927
"frb_18933","Yes",93981
"frb_18934","Yes",94160
"frb_18935","Yes",93670
"frb_18936","Yes",93850
"frb_18937","Yes",93961
"frb_18938","Yes",94024
"frb_18939","Yes",93872
"frb_18940","Yes",93805
"frb_18941","Yes",94074
"frb_18942","Yes",93949
"frb_18943","Yes",93902
"frb_18944","Yes",94014
"frb_18945","Yes",94049
"frb_18946","Yes",94040
"frb_18947","Yes",94208
"frb_18948","Yes",93976
"frb_18949","Yes",93889
"frb_18951","Yes",94206
"frb_18952","Yes",93988
"frb_18953","Yes",93896
"frb_18954","Yes",93983
"frb_18955","Yes",94026
"frb_18956","Yes",94185
"frb_18957","Yes",94092
"frb_18958","Yes",94215
"frb_18959","Yes",93884
"frb_18960","Yes",93722
"frb_18962","Yes",93910
"frb_18963","Yes",94037
"frb_18964","Yes",93406
"frb_18966","Yes",93756
"frb_18967","Yes",94154
"frb_18968","Yes",93849
"frb_18969","Yes",93740
"frb_18970","Yes",94240
"frb_18971","Yes",93888
"frb_18972","Yes",93918
"frb_18973","Yes",93995
"frb_18974","Yes",94233
"frb_18975","Yes",93497
"frb_18976","Yes",93967
"frb_18977","Yes",93882
"frb_18978","Yes",93959
"frb_18979","Yes",93938
"frb_18980","Yes",93837
"frb_18981","Yes",94089
"frb_20548","Yes",42405
"frb_25129","Yes",67347
"frb_25592","Yes",66275
"frb_26065","Yes",47604
"frb_27781","Yes",43061
"frb_32022","Yes",58158
"frb_33865","Yes",94462
"frb_35481","Yes",39286
"frb_37677","Yes",57111
"frb_37737","Yes",56409
"frb_38301","Yes",48896
"frb_38357","Yes",48897
"frb_40250","Yes",69174
"frb_41331","Yes",75818
"frb_41456","Yes",73086
"frb_44193","Yes",55979
"frb_44464","Yes",48234
"frb_45109","Yes",80023
"frb_49035","Yes",88848
"frb_49567","Yes",37972
"frb_49602","Yes",37972
"frb_50744","Yes",48120
"frb_51695","Yes",80004
"frb_52509","Yes",50629
"frb_52857","Yes",80996
"frb_53974","Yes",51879
"frb_54116","Yes",51595
"frb_56113","Yes",84609
"frb_59192","Yes",52199
"frb_60891","Yes",65758
"frb_61285","Yes",99960
"frb_62668","Yes",70208
"frb_63080","Yes",40188
"frb_63552","Yes",71276
"frb_64256","Yes",68808
"frb_64262","Yes",68886
"frb_66182","Yes",72914
"frb_66784","Yes",86051
"frb_70339","Yes",96585
"frb_72593","Yes",78882
"frb_73850","Yes",78566
"frb_75801","Yes",72005
"frb_76123","Yes",56380
"frb_77090","Yes",83994
"frb_77091","Yes",83993
"frb_77612","Yes",62876
"frb_80400","Yes",46053
"frb_81530","Yes",55833
"frb_83180","Yes",61144
"frb_83193","Yes",60447
"frb_83719","Yes",88626
"frb_84402","Yes",63629
"frb_87738","Yes",91641
"frb_87906","Yes",93713
"frb_87961","Yes",93708
"frb_87968","Yes",93715
"frb_89652","Yes",65016
"frb_96841","Yes",69883
"frb_96974","Yes",69884
"frb_97216","Yes",69649
"frb_98779","Yes",55450
"frb_99716","Yes",87761
"frb_100291","Yes",93709
"frb_100340","Yes",93711
"frb_100429","Yes",95776
"frb_100430","Yes",93710
"frb_100755","Yes",90745
"frb_101806","Yes",59735
"frb_102157","Yes",43248
"frb_102472","Yes",81417
"frb_103785","Yes",85506
"frb_105084","Yes",47489
"frb_105388","Yes",53848
"frb_105654","Yes",81773
"frb_109086","Yes",77853
"frb_113001","Yes",106474
"frb_114896","Yes",115310
